2026-08-13T05:54:51.2431771Z Current runner version: '2.336.0'
2026-08-13T05:54:51.2462166Z ##[group]Runner Image Provisioner
2026-08-13T05:54:51.2463188Z Hosted Compute Agent
2026-08-13T05:54:51.2463766Z Version: 20260707.563
2026-08-13T05:54:51.2464452Z Commit: 02667638d2b423fbc733a8e32a88b44996a3ba6e
2026-08-13T05:54:51.2465213Z Build Date: 2026-07-07T19:33:50Z
2026-08-13T05:54:51.2465945Z Worker ID: {cc3e98ec-cf85-4b4b-8a67-4f81902945cf}
2026-08-13T05:54:51.2466647Z Azure Region: northcentralus
2026-08-13T05:54:51.2467314Z ##[endgroup]
2026-08-13T05:54:51.2469696Z ##[group]Operating System
2026-08-13T05:54:51.2470553Z Ubuntu
2026-08-13T05:54:51.2471642Z 24.04.4
2026-08-13T05:54:51.2472562Z LTS
2026-08-13T05:54:51.2473200Z ##[endgroup]
2026-08-13T05:54:51.2473743Z ##[group]Runner Image
2026-08-13T05:54:51.2474453Z Image: ubuntu-24.04-arm
2026-08-13T05:54:51.2475023Z Version: 20260719.67.1
2026-08-13T05:54:51.2476361Z Included Software: https://github.com/actions/runner-images/blob/ubuntu24-arm64/20260719.67/images/ubuntu/Ubuntu2404-Arm64-Readme.md
2026-08-13T05:54:51.2478517Z Image Release: https://github.com/actions/runner-images/releases/tag/ubuntu24-arm64%2F20260719.67
2026-08-13T05:54:51.2479468Z ##[endgroup]
2026-08-13T05:54:51.2481243Z ##[group]GITHUB_TOKEN Permissions
2026-08-13T05:54:51.2484666Z Contents: read
2026-08-13T05:54:51.2485445Z Metadata: read
2026-08-13T05:54:51.2486063Z ##[endgroup]
2026-08-13T05:54:51.2489566Z Secret source: Actions
2026-08-13T05:54:51.2491071Z Prepare workflow directory
2026-08-13T05:54:51.3047511Z Prepare all required actions
2026-08-13T05:54:51.3100615Z Getting action download info
2026-08-13T05:54:51.5080440Z Download action repository 'actions/checkout@v4' (SHA:11d5960a326750d5838078e36cf38b85af677262)
2026-08-13T05:54:51.8184432Z Download action repository 'dtolnay/rust-toolchain@stable' (SHA:4360b52568e2003a75bf9bc1d59f33a8e3fc893c)
2026-08-13T05:54:51.9398776Z Download action repository 'actions/upload-artifact@v4' (SHA:ea165f8d65b6e75b540449e92b4886f43607fa02)
2026-08-13T05:54:52.2844105Z Complete job name: Native ARM64 build with 64K jemalloc pages
2026-08-13T05:54:52.3746000Z Node 20 is being deprecated. This workflow is running with Node 24 by default. If you need to temporarily use Node 20, you can set the ACTIONS_ALLOW_USE_UNSECURE_NODE_VERSION=true environment variable. For more information see: https://github.blog/changelog/2025-09-19-deprecation-of-node-20-on-github-actions-runners/
2026-08-13T05:54:52.3756036Z ##[group]Run actions/checkout@v4
2026-08-13T05:54:52.3757089Z with:
2026-08-13T05:54:52.3757884Z   repository: whiletruetrue-creator/test
2026-08-13T05:54:52.3762423Z   token: ***
2026-08-13T05:54:52.3763167Z   ssh-strict: true
2026-08-13T05:54:52.3763814Z   ssh-user: git
2026-08-13T05:54:52.3764376Z   persist-credentials: true
2026-08-13T05:54:52.3765534Z   clean: true
2026-08-13T05:54:52.3766159Z   sparse-checkout-cone-mode: true
2026-08-13T05:54:52.3766837Z   fetch-depth: 1
2026-08-13T05:54:52.3767537Z   fetch-tags: false
2026-08-13T05:54:52.3768578Z   show-progress: true
2026-08-13T05:54:52.3769309Z   lfs: false
2026-08-13T05:54:52.3770025Z   submodules: false
2026-08-13T05:54:52.3770685Z   set-safe-directory: true
2026-08-13T05:54:52.3771364Z   allow-unsafe-pr-checkout: false
2026-08-13T05:54:52.3772561Z env:
2026-08-13T05:54:52.3773282Z   QDRANT_VERSION: 1.18.3
2026-08-13T05:54:52.3773915Z   IMAGE_NAME: local/rag-qdrant
2026-08-13T05:54:52.3774565Z   IMAGE_TAG: v1.18.3-arm64-64k
2026-08-13T05:54:52.3775393Z   CARGO_TERM_COLOR: always
2026-08-13T05:54:52.3776028Z   CARGO_BUILD_JOBS: 2
2026-08-13T05:54:52.3776670Z   JEMALLOC_SYS_WITH_LG_PAGE: 16
2026-08-13T05:54:52.3777299Z ##[endgroup]
2026-08-13T05:54:52.4684772Z Syncing repository: whiletruetrue-creator/test
2026-08-13T05:54:52.4687310Z ##[group]Getting Git version info
2026-08-13T05:54:52.4688789Z Working directory is '/home/runner/work/test/test'
2026-08-13T05:54:52.4691029Z [command]/usr/bin/git version
2026-08-13T05:54:52.4764164Z git version 2.54.0
2026-08-13T05:54:52.4783700Z ##[endgroup]
2026-08-13T05:54:52.4799926Z Temporarily overriding HOME='/home/runner/work/_temp/b626e931-9e63-4ac8-99b7-be9ffa47e292' before making global git config changes
2026-08-13T05:54:52.4803026Z Adding repository directory to the temporary git global config as a safe directory
2026-08-13T05:54:52.4807562Z [command]/usr/bin/git config --global --add safe.directory /home/runner/work/test/test
2026-08-13T05:54:52.4839846Z Deleting the contents of '/home/runner/work/test/test'
2026-08-13T05:54:52.4846525Z ##[group]Initializing the repository
2026-08-13T05:54:52.4853360Z [command]/usr/bin/git init /home/runner/work/test/test
2026-08-13T05:54:52.4933608Z hint: Using 'master' as the name for the initial branch. This default branch name
2026-08-13T05:54:52.4944263Z hint: will change to "main" in Git 3.0. To configure the initial branch name
2026-08-13T05:54:52.4957501Z hint: to use in all of your new repositories, which will suppress this warning,
2026-08-13T05:54:52.4959292Z hint: call:
2026-08-13T05:54:52.4960130Z hint:
2026-08-13T05:54:52.4961247Z hint: 	git config --global init.defaultBranch <name>
2026-08-13T05:54:52.4962427Z hint:
2026-08-13T05:54:52.4963749Z hint: Names commonly chosen instead of 'master' are 'main', 'trunk' and
2026-08-13T05:54:52.4965456Z hint: 'development'. The just-created branch can be renamed via this command:
2026-08-13T05:54:52.4966633Z hint:
2026-08-13T05:54:52.4967516Z hint: 	git branch -m <name>
2026-08-13T05:54:52.4968887Z hint:
2026-08-13T05:54:52.4969930Z hint: Disable this message with "git config set advice.defaultBranchName false"
2026-08-13T05:54:52.4971695Z Initialized empty Git repository in /home/runner/work/test/test/.git/
2026-08-13T05:54:52.4974736Z [command]/usr/bin/git remote add origin https://github.com/whiletruetrue-creator/test
2026-08-13T05:54:52.4992936Z ##[endgroup]
2026-08-13T05:54:52.4994188Z ##[group]Disabling automatic garbage collection
2026-08-13T05:54:52.4994972Z [command]/usr/bin/git config --local gc.auto 0
2026-08-13T05:54:52.5021854Z ##[endgroup]
2026-08-13T05:54:52.5023441Z ##[group]Setting up auth
2026-08-13T05:54:52.5041539Z [command]/usr/bin/git config --local --name-only --get-regexp core\.sshCommand
2026-08-13T05:54:52.5075791Z [command]/usr/bin/git submodule foreach --recursive sh -c "git config --local --name-only --get-regexp 'core\.sshCommand' && git config --local --unset-all 'core.sshCommand' || :"
2026-08-13T05:54:52.5379742Z [command]/usr/bin/git config --local --name-only --get-regexp http\.https\:\/\/github\.com\/\.extraheader
2026-08-13T05:54:52.5411488Z [command]/usr/bin/git submodule foreach --recursive sh -c "git config --local --name-only --get-regexp 'http\.https\:\/\/github\.com\/\.extraheader' && git config --local --unset-all 'http.https://github.com/.extraheader' || :"
2026-08-13T05:54:52.5616596Z [command]/usr/bin/git config --local --name-only --get-regexp ^includeIf\.gitdir:
2026-08-13T05:54:52.5649549Z [command]/usr/bin/git submodule foreach --recursive git config --local --show-origin --name-only --get-regexp remote.origin.url
2026-08-13T05:54:52.5857752Z [command]/usr/bin/git config --local http.https://github.com/.extraheader AUTHORIZATION: basic ***
2026-08-13T05:54:52.5894282Z ##[endgroup]
2026-08-13T05:54:52.5895480Z ##[group]Fetching the repository
2026-08-13T05:54:52.5903640Z [command]/usr/bin/git -c protocol.version=2 fetch --no-tags --prune --no-recurse-submodules --depth=1 origin +7243c721b78f1e8709eca9be70ae51be8ede9b7b:refs/remotes/origin/main
2026-08-13T05:54:52.9871966Z From https://github.com/whiletruetrue-creator/test
2026-08-13T05:54:52.9873712Z  * [new ref]         7243c721b78f1e8709eca9be70ae51be8ede9b7b -> origin/main
2026-08-13T05:54:52.9897659Z ##[endgroup]
2026-08-13T05:54:52.9899607Z ##[group]Determining the checkout info
2026-08-13T05:54:52.9901432Z ##[endgroup]
2026-08-13T05:54:52.9903846Z [command]/usr/bin/git sparse-checkout disable
2026-08-13T05:54:52.9941618Z [command]/usr/bin/git config --local --unset-all extensions.worktreeConfig
2026-08-13T05:54:52.9973289Z ##[group]Checking out the ref
2026-08-13T05:54:52.9976440Z [command]/usr/bin/git checkout --progress --force -B main refs/remotes/origin/main
2026-08-13T05:54:53.0018810Z Switched to a new branch 'main'
2026-08-13T05:54:53.0020048Z branch 'main' set up to track 'origin/main'.
2026-08-13T05:54:53.0026664Z ##[endgroup]
2026-08-13T05:54:53.0069944Z [command]/usr/bin/git log -1 --format=%H
2026-08-13T05:54:53.0093792Z 7243c721b78f1e8709eca9be70ae51be8ede9b7b
2026-08-13T05:54:53.0345623Z ##[group]Run set -Eeuo pipefail
2026-08-13T05:54:53.0346883Z [36;1mset -Eeuo pipefail[0m
2026-08-13T05:54:53.0347827Z [36;1muname -a[0m
2026-08-13T05:54:53.0349010Z [36;1muname -m[0m
2026-08-13T05:54:53.0349871Z [36;1mgetconf PAGESIZE[0m
2026-08-13T05:54:53.0350809Z [36;1mdocker version[0m
2026-08-13T05:54:53.0351699Z [36;1mdf -h[0m
2026-08-13T05:54:53.0352532Z [36;1mtest "$(uname -m)" = "aarch64"[0m
2026-08-13T05:54:53.0397195Z shell: /usr/bin/bash --noprofile --norc -e -o pipefail {0}
2026-08-13T05:54:53.0399018Z env:
2026-08-13T05:54:53.0399871Z   QDRANT_VERSION: 1.18.3
2026-08-13T05:54:53.0400894Z   IMAGE_NAME: local/rag-qdrant
2026-08-13T05:54:53.0401911Z   IMAGE_TAG: v1.18.3-arm64-64k
2026-08-13T05:54:53.0402932Z   CARGO_TERM_COLOR: always
2026-08-13T05:54:53.0403851Z   CARGO_BUILD_JOBS: 2
2026-08-13T05:54:53.0404836Z   JEMALLOC_SYS_WITH_LG_PAGE: 16
2026-08-13T05:54:53.0405764Z ##[endgroup]
2026-08-13T05:54:53.0512547Z Linux runnervma9114 6.17.0-1020-azure #20~24.04.1-Ubuntu SMP Fri Jun 19 20:26:28 UTC 2026 aarch64 aarch64 aarch64 GNU/Linux
2026-08-13T05:54:53.0519791Z aarch64
2026-08-13T05:54:53.0532941Z 4096
2026-08-13T05:54:53.1272109Z Client: Docker Engine - Community
2026-08-13T05:54:53.1273567Z  Version:           28.0.4
2026-08-13T05:54:53.1274515Z  API version:       1.48
2026-08-13T05:54:53.1275461Z  Go version:        go1.23.7
2026-08-13T05:54:53.1276427Z  Git commit:        b8034c0
2026-08-13T05:54:53.1277348Z  Built:             Tue Mar 25 15:07:55 2025
2026-08-13T05:54:53.1278689Z  OS/Arch:           linux/arm64
2026-08-13T05:54:53.1279686Z  Context:           default
2026-08-13T05:54:53.1280360Z 
2026-08-13T05:54:53.1280733Z Server: Docker Engine - Community
2026-08-13T05:54:53.1281705Z  Engine:
2026-08-13T05:54:53.1282463Z   Version:          28.0.4
2026-08-13T05:54:53.1283418Z   API version:      1.48 (minimum version 1.24)
2026-08-13T05:54:53.1284556Z   Go version:       go1.23.7
2026-08-13T05:54:53.1285470Z   Git commit:       6430e49
2026-08-13T05:54:53.1286388Z   Built:            Tue Mar 25 15:07:55 2025
2026-08-13T05:54:53.1287474Z   OS/Arch:          linux/arm64
2026-08-13T05:54:53.1288548Z   Experimental:     false
2026-08-13T05:54:53.1289454Z  containerd:
2026-08-13T05:54:53.1290230Z   Version:          v2.2.6
2026-08-13T05:54:53.1291252Z   GitCommit:        11ce9d5f3c68c941867e82890e93e815c1304f1b
2026-08-13T05:54:53.1292429Z  runc:
2026-08-13T05:54:53.1293156Z   Version:          1.3.6
2026-08-13T05:54:53.1294038Z   GitCommit:        v1.3.6-0-g491b69ba
2026-08-13T05:54:53.1295082Z  docker-init:
2026-08-13T05:54:53.1295825Z   Version:          0.19.0
2026-08-13T05:54:53.1296746Z   GitCommit:        de40ad0
2026-08-13T05:54:53.1434520Z Filesystem      Size  Used Avail Use% Mounted on
2026-08-13T05:54:53.1435712Z /dev/root       145G   36G  109G  25% /
2026-08-13T05:54:53.1436788Z tmpfs           7.8G  100K  7.8G   1% /dev/shm
2026-08-13T05:54:53.1438242Z tmpfs           3.2G 1008K  3.2G   1% /run
2026-08-13T05:54:53.1439610Z tmpfs           5.0M     0  5.0M   0% /run/lock
2026-08-13T05:54:53.1441102Z efivarfs        128M   13K  128M   1% /sys/firmware/efi/efivars
2026-08-13T05:54:53.1442308Z /dev/sda16      891M   63M  766M   8% /boot
2026-08-13T05:54:53.1443468Z /dev/sda15       98M  6.4M   92M   7% /boot/efi
2026-08-13T05:54:53.1444571Z tmpfs           1.6G   16K  1.6G   1% /run/user/1001
2026-08-13T05:54:53.1662444Z Node 20 is being deprecated. This workflow is running with Node 24 by default. If you need to temporarily use Node 20, you can set the ACTIONS_ALLOW_USE_UNSECURE_NODE_VERSION=true environment variable. For more information see: https://github.blog/changelog/2025-09-19-deprecation-of-node-20-on-github-actions-runners/
2026-08-13T05:54:53.1667515Z ##[group]Run actions/checkout@v4
2026-08-13T05:54:53.1668615Z with:
2026-08-13T05:54:53.1669394Z   repository: qdrant/qdrant
2026-08-13T05:54:53.1670214Z   ref: v1.18.3
2026-08-13T05:54:53.1670972Z   fetch-depth: 1
2026-08-13T05:54:53.1671743Z   path: qdrant-src
2026-08-13T05:54:53.1678960Z   token: ***
2026-08-13T05:54:53.1679675Z   ssh-strict: true
2026-08-13T05:54:53.1680493Z   ssh-user: git
2026-08-13T05:54:53.1681270Z   persist-credentials: true
2026-08-13T05:54:53.1682112Z   clean: true
2026-08-13T05:54:53.1682872Z   sparse-checkout-cone-mode: true
2026-08-13T05:54:53.1683739Z   fetch-tags: false
2026-08-13T05:54:53.1684728Z   show-progress: true
2026-08-13T05:54:53.1685500Z   lfs: false
2026-08-13T05:54:53.1686259Z   submodules: false
2026-08-13T05:54:53.1687013Z   set-safe-directory: true
2026-08-13T05:54:53.1687863Z   allow-unsafe-pr-checkout: false
2026-08-13T05:54:53.1689018Z env:
2026-08-13T05:54:53.1689702Z   QDRANT_VERSION: 1.18.3
2026-08-13T05:54:53.1690577Z   IMAGE_NAME: local/rag-qdrant
2026-08-13T05:54:53.1691445Z   IMAGE_TAG: v1.18.3-arm64-64k
2026-08-13T05:54:53.1692285Z   CARGO_TERM_COLOR: always
2026-08-13T05:54:53.1693180Z   CARGO_BUILD_JOBS: 2
2026-08-13T05:54:53.1694012Z   JEMALLOC_SYS_WITH_LG_PAGE: 16
2026-08-13T05:54:53.1694859Z ##[endgroup]
2026-08-13T05:54:53.2420632Z Syncing repository: qdrant/qdrant
2026-08-13T05:54:53.2422744Z ##[group]Getting Git version info
2026-08-13T05:54:53.2428123Z Working directory is '/home/runner/work/test/test/qdrant-src'
2026-08-13T05:54:53.2460590Z [command]/usr/bin/git version
2026-08-13T05:54:53.2489075Z git version 2.54.0
2026-08-13T05:54:53.2535487Z ##[endgroup]
2026-08-13T05:54:53.2540295Z Temporarily overriding HOME='/home/runner/work/_temp/2d06b3f1-087d-4353-ba2d-21bf2cef8538' before making global git config changes
2026-08-13T05:54:53.2543081Z Adding repository directory to the temporary git global config as a safe directory
2026-08-13T05:54:53.2545400Z [command]/usr/bin/git config --global --add safe.directory /home/runner/work/test/test/qdrant-src
2026-08-13T05:54:53.2553738Z ##[group]Initializing the repository
2026-08-13T05:54:53.2558550Z [command]/usr/bin/git init /home/runner/work/test/test/qdrant-src
2026-08-13T05:54:53.2600574Z hint: Using 'master' as the name for the initial branch. This default branch name
2026-08-13T05:54:53.2609164Z hint: will change to "main" in Git 3.0. To configure the initial branch name
2026-08-13T05:54:53.2610770Z hint: to use in all of your new repositories, which will suppress this warning,
2026-08-13T05:54:53.2612110Z hint: call:
2026-08-13T05:54:53.2612861Z hint:
2026-08-13T05:54:53.2613740Z hint: 	git config --global init.defaultBranch <name>
2026-08-13T05:54:53.2614820Z hint:
2026-08-13T05:54:53.2615776Z hint: Names commonly chosen instead of 'master' are 'main', 'trunk' and
2026-08-13T05:54:53.2629375Z hint: 'development'. The just-created branch can be renamed via this command:
2026-08-13T05:54:53.2630793Z hint:
2026-08-13T05:54:53.2631609Z hint: 	git branch -m <name>
2026-08-13T05:54:53.2632515Z hint:
2026-08-13T05:54:53.2633686Z hint: Disable this message with "git config set advice.defaultBranchName false"
2026-08-13T05:54:53.2635461Z Initialized empty Git repository in /home/runner/work/test/test/qdrant-src/.git/
2026-08-13T05:54:53.2638590Z [command]/usr/bin/git remote add origin https://github.com/qdrant/qdrant
2026-08-13T05:54:53.2682680Z ##[endgroup]
2026-08-13T05:54:53.2684562Z ##[group]Disabling automatic garbage collection
2026-08-13T05:54:53.2686265Z [command]/usr/bin/git config --local gc.auto 0
2026-08-13T05:54:53.2713664Z ##[endgroup]
2026-08-13T05:54:53.2715453Z ##[group]Setting up auth
2026-08-13T05:54:53.2720279Z [command]/usr/bin/git config --local --name-only --get-regexp core\.sshCommand
2026-08-13T05:54:53.2762781Z [command]/usr/bin/git submodule foreach --recursive sh -c "git config --local --name-only --get-regexp 'core\.sshCommand' && git config --local --unset-all 'core.sshCommand' || :"
2026-08-13T05:54:53.3001658Z [command]/usr/bin/git config --local --name-only --get-regexp http\.https\:\/\/github\.com\/\.extraheader
2026-08-13T05:54:53.3032476Z [command]/usr/bin/git submodule foreach --recursive sh -c "git config --local --name-only --get-regexp 'http\.https\:\/\/github\.com\/\.extraheader' && git config --local --unset-all 'http.https://github.com/.extraheader' || :"
2026-08-13T05:54:53.3225929Z [command]/usr/bin/git config --local --name-only --get-regexp ^includeIf\.gitdir:
2026-08-13T05:54:53.3258777Z [command]/usr/bin/git submodule foreach --recursive git config --local --show-origin --name-only --get-regexp remote.origin.url
2026-08-13T05:54:53.3468728Z [command]/usr/bin/git config --local http.https://github.com/.extraheader AUTHORIZATION: basic ***
2026-08-13T05:54:53.3505052Z ##[endgroup]
2026-08-13T05:54:53.3506662Z ##[group]Fetching the repository
2026-08-13T05:54:53.3514541Z [command]/usr/bin/git -c protocol.version=2 fetch --no-tags --prune --no-recurse-submodules --depth=1 origin +refs/heads/v1.18.3*:refs/remotes/origin/v1.18.3* +refs/tags/v1.18.3*:refs/tags/v1.18.3*
2026-08-13T05:54:54.9213765Z From https://github.com/qdrant/qdrant
2026-08-13T05:54:54.9215050Z  * [new tag]         v1.18.3    -> v1.18.3
2026-08-13T05:54:54.9231516Z ##[endgroup]
2026-08-13T05:54:54.9232095Z ##[group]Determining the checkout info
2026-08-13T05:54:54.9238621Z [command]/usr/bin/git branch --list --remote origin/v1.18.3
2026-08-13T05:54:54.9269350Z [command]/usr/bin/git tag --list v1.18.3
2026-08-13T05:54:54.9295828Z v1.18.3
2026-08-13T05:54:54.9298766Z ##[endgroup]
2026-08-13T05:54:54.9304058Z [command]/usr/bin/git sparse-checkout disable
2026-08-13T05:54:54.9340249Z [command]/usr/bin/git config --local --unset-all extensions.worktreeConfig
2026-08-13T05:54:54.9371592Z ##[group]Checking out the ref
2026-08-13T05:54:54.9375173Z [command]/usr/bin/git checkout --progress --force refs/tags/v1.18.3
2026-08-13T05:54:55.6144432Z Note: switching to 'refs/tags/v1.18.3'.
2026-08-13T05:54:55.6144813Z 
2026-08-13T05:54:55.6145393Z You are in 'detached HEAD' state. You can look around, make experimental
2026-08-13T05:54:55.6146050Z changes and commit them, and you can discard any commits you make in this
2026-08-13T05:54:55.6146619Z state without impacting any branches by switching back to a branch.
2026-08-13T05:54:55.6146991Z 
2026-08-13T05:54:55.6147218Z If you want to create a new branch to retain commits you create, you may
2026-08-13T05:54:55.6147780Z do so (now or later) by using -c with the switch command. Example:
2026-08-13T05:54:55.6148347Z 
2026-08-13T05:54:55.6148470Z   git switch -c <new-branch-name>
2026-08-13T05:54:55.6148875Z 
2026-08-13T05:54:55.6149013Z Or undo this operation with:
2026-08-13T05:54:55.6149225Z 
2026-08-13T05:54:55.6149370Z   git switch -
2026-08-13T05:54:55.6149547Z 
2026-08-13T05:54:55.6149889Z Turn off this advice by setting config variable advice.detachedHead to false
2026-08-13T05:54:55.6150232Z 
2026-08-13T05:54:55.6150474Z HEAD is now at db8fa43 Bump version to 1.18.3 (#9885)
2026-08-13T05:54:55.6396783Z ##[endgroup]
2026-08-13T05:54:55.6432364Z [command]/usr/bin/git log -1 --format=%H
2026-08-13T05:54:55.6455748Z db8fa43fcb6aedec1e739487e17a99731b74590a
2026-08-13T05:54:55.6571875Z ##[group]Run set -Eeuo pipefail
2026-08-13T05:54:55.6572403Z [36;1mset -Eeuo pipefail[0m
2026-08-13T05:54:55.6572801Z [36;1msudo apt-get update[0m
2026-08-13T05:54:55.6573169Z [36;1msudo apt-get install -y --no-install-recommends \[0m
2026-08-13T05:54:55.6573567Z [36;1m  build-essential \[0m
2026-08-13T05:54:55.6573887Z [36;1m  clang \[0m
2026-08-13T05:54:55.6574113Z [36;1m  cmake \[0m
2026-08-13T05:54:55.6574380Z [36;1m  jq \[0m
2026-08-13T05:54:55.6574617Z [36;1m  libunwind-dev \[0m
2026-08-13T05:54:55.6574888Z [36;1m  lld \[0m
2026-08-13T05:54:55.6575163Z [36;1m  pkg-config \[0m
2026-08-13T05:54:55.6575479Z [36;1m  protobuf-compiler[0m
2026-08-13T05:54:55.6601986Z shell: /usr/bin/bash --noprofile --norc -e -o pipefail {0}
2026-08-13T05:54:55.6602427Z env:
2026-08-13T05:54:55.6602749Z   QDRANT_VERSION: 1.18.3
2026-08-13T05:54:55.6603382Z   IMAGE_NAME: local/rag-qdrant
2026-08-13T05:54:55.6603666Z   IMAGE_TAG: v1.18.3-arm64-64k
2026-08-13T05:54:55.6604108Z   CARGO_TERM_COLOR: always
2026-08-13T05:54:55.6604425Z   CARGO_BUILD_JOBS: 2
2026-08-13T05:54:55.6604734Z   JEMALLOC_SYS_WITH_LG_PAGE: 16
2026-08-13T05:54:55.6605017Z ##[endgroup]
2026-08-13T05:54:55.7927028Z Get:1 https://packages.microsoft.com/repos/azure-cli noble InRelease [3564 B]
2026-08-13T05:54:55.8203583Z Get:2 https://packages.microsoft.com/ubuntu/24.04/prod noble InRelease [3600 B]
2026-08-13T05:54:55.9245819Z Get:3 https://packages.microsoft.com/repos/azure-cli noble/main arm64 Packages [2457 B]
2026-08-13T05:54:55.9685026Z Get:4 https://packages.microsoft.com/ubuntu/24.04/prod noble/main arm64 Packages [278 kB]
2026-08-13T05:54:55.9722076Z Get:5 https://packages.microsoft.com/ubuntu/24.04/prod noble/main armhf Packages [12.3 kB]
2026-08-13T05:54:55.9759374Z Get:6 https://packages.microsoft.com/ubuntu/24.04/prod noble/main all Packages [643 B]
2026-08-13T05:54:55.9816205Z Get:7 https://packages.microsoft.com/ubuntu/24.04/prod noble/main amd64 Packages [319 kB]
2026-08-13T05:54:56.1972089Z Hit:8 http://ports.ubuntu.com/ubuntu-ports noble InRelease
2026-08-13T05:54:56.3125781Z Get:9 http://ports.ubuntu.com/ubuntu-ports noble-updates InRelease [126 kB]
2026-08-13T05:54:56.8125975Z Get:10 http://ports.ubuntu.com/ubuntu-ports noble-backports InRelease [126 kB]
2026-08-13T05:54:57.0571963Z Get:11 http://ports.ubuntu.com/ubuntu-ports noble-security InRelease [126 kB]
2026-08-13T05:54:57.2246717Z Get:12 http://ports.ubuntu.com/ubuntu-ports noble-updates/main arm64 Packages [1230 kB]
2026-08-13T05:54:57.7270528Z Get:13 http://ports.ubuntu.com/ubuntu-ports noble-updates/main Translation-en [282 kB]
2026-08-13T05:54:57.8636957Z Get:14 http://ports.ubuntu.com/ubuntu-ports noble-updates/main arm64 Components [178 kB]
2026-08-13T05:54:57.9920696Z Get:15 http://ports.ubuntu.com/ubuntu-ports noble-updates/universe arm64 Packages [1716 kB]
2026-08-13T05:54:58.2847619Z Get:16 http://ports.ubuntu.com/ubuntu-ports noble-updates/universe Translation-en [335 kB]
2026-08-13T05:54:58.4135507Z Get:17 http://ports.ubuntu.com/ubuntu-ports noble-updates/universe arm64 Components [387 kB]
2026-08-13T05:54:58.5450269Z Get:18 http://ports.ubuntu.com/ubuntu-ports noble-updates/restricted arm64 Packages [2122 kB]
2026-08-13T05:54:58.7871729Z Get:19 http://ports.ubuntu.com/ubuntu-ports noble-updates/restricted Translation-en [323 kB]
2026-08-13T05:54:58.9086207Z Get:20 http://ports.ubuntu.com/ubuntu-ports noble-updates/multiverse arm64 Packages [74.4 kB]
2026-08-13T05:54:59.0249034Z Get:21 http://ports.ubuntu.com/ubuntu-ports noble-updates/multiverse Translation-en [12.6 kB]
2026-08-13T05:54:59.2973813Z Get:22 http://ports.ubuntu.com/ubuntu-ports noble-backports/main arm64 Components [3564 B]
2026-08-13T05:54:59.4134001Z Get:23 http://ports.ubuntu.com/ubuntu-ports noble-backports/universe arm64 Packages [31.2 kB]
2026-08-13T05:54:59.5294240Z Get:24 http://ports.ubuntu.com/ubuntu-ports noble-backports/universe arm64 Components [12.6 kB]
2026-08-13T05:54:59.6454332Z Get:25 http://ports.ubuntu.com/ubuntu-ports noble-security/main arm64 Packages [979 kB]
2026-08-13T05:54:59.7811996Z Get:26 http://ports.ubuntu.com/ubuntu-ports noble-security/main Translation-en [202 kB]
2026-08-13T05:54:59.9004439Z Get:27 http://ports.ubuntu.com/ubuntu-ports noble-security/main arm64 Components [43.4 kB]
2026-08-13T05:55:00.0165014Z Get:28 http://ports.ubuntu.com/ubuntu-ports noble-security/universe arm64 Packages [1267 kB]
2026-08-13T05:55:00.1588430Z Get:29 http://ports.ubuntu.com/ubuntu-ports noble-security/universe Translation-en [240 kB]
2026-08-13T05:55:00.2785199Z Get:30 http://ports.ubuntu.com/ubuntu-ports noble-security/universe arm64 Components [76.3 kB]
2026-08-13T05:55:00.3948280Z Get:31 http://ports.ubuntu.com/ubuntu-ports noble-security/restricted arm64 Packages [2016 kB]
2026-08-13T05:55:00.5583232Z Get:32 http://ports.ubuntu.com/ubuntu-ports noble-security/restricted Translation-en [304 kB]
2026-08-13T05:55:00.6756858Z Get:33 http://ports.ubuntu.com/ubuntu-ports noble-security/multiverse arm64 Packages [70.3 kB]
2026-08-13T05:55:00.7916574Z Get:34 http://ports.ubuntu.com/ubuntu-ports noble-security/multiverse Translation-en [10.9 kB]
2026-08-13T05:55:07.1004423Z Fetched 12.9 MB in 5s (2565 kB/s)
2026-08-13T05:55:07.9465591Z Reading package lists...
2026-08-13T05:55:07.9776493Z Reading package lists...
2026-08-13T05:55:08.2304293Z Building dependency tree...
2026-08-13T05:55:08.2312623Z Reading state information...
2026-08-13T05:55:08.5001718Z jq is already the newest version (1.7.1-3ubuntu0.24.04.2).
2026-08-13T05:55:08.5002241Z pkg-config is already the newest version (1.8.1-2build1).
2026-08-13T05:55:08.5002849Z The following additional packages will be installed:
2026-08-13T05:55:08.5003919Z   cmake-data libjsoncpp25 liblzma-dev libprotobuf32t64 libprotoc32t64
2026-08-13T05:55:08.5010256Z   librhash0
2026-08-13T05:55:08.5018537Z Suggested packages:
2026-08-13T05:55:08.5019035Z   cmake-doc cmake-format elpa-cmake-mode ninja-build liblzma-doc
2026-08-13T05:55:08.5019448Z   protobuf-mode-el
2026-08-13T05:55:08.5019774Z Recommended packages:
2026-08-13T05:55:08.5020048Z   libprotobuf-dev
2026-08-13T05:55:08.5458875Z The following NEW packages will be installed:
2026-08-13T05:55:08.5462173Z   build-essential clang cmake cmake-data libjsoncpp25 liblzma-dev
2026-08-13T05:55:08.5467130Z   libprotobuf32t64 libprotoc32t64 librhash0 libunwind-dev lld
2026-08-13T05:55:08.5468465Z   protobuf-compiler
2026-08-13T05:55:08.7174573Z 0 upgraded, 12 newly installed, 0 to remove and 95 not upgraded.
2026-08-13T05:55:08.7175023Z Need to get 16.3 MB of archives.
2026-08-13T05:55:08.7175710Z After this operation, 57.6 MB of additional disk space will be used.
2026-08-13T05:55:08.7176316Z Get:1 http://ports.ubuntu.com/ubuntu-ports noble/main arm64 build-essential arm64 12.10ubuntu1 [4932 B]
2026-08-13T05:55:08.7431905Z Get:2 http://ports.ubuntu.com/ubuntu-ports noble/universe arm64 clang arm64 1:18.0-59~exp2 [5854 B]
2026-08-13T05:55:08.7691063Z Get:3 http://ports.ubuntu.com/ubuntu-ports noble/main arm64 libjsoncpp25 arm64 1.9.5-6build1 [78.2 kB]
2026-08-13T05:55:08.8479359Z Get:4 http://ports.ubuntu.com/ubuntu-ports noble/main arm64 librhash0 arm64 1.4.3-3build1 [126 kB]
2026-08-13T05:55:08.9047369Z Get:5 http://ports.ubuntu.com/ubuntu-ports noble/main arm64 cmake-data all 3.28.3-1build7 [2155 kB]
2026-08-13T05:55:09.0682363Z Get:6 http://ports.ubuntu.com/ubuntu-ports noble/main arm64 cmake arm64 3.28.3-1build7 [10.3 MB]
2026-08-13T05:55:09.2091885Z Get:7 http://ports.ubuntu.com/ubuntu-ports noble-updates/main arm64 libprotobuf32t64 arm64 3.21.12-8.2ubuntu0.3 [859 kB]
2026-08-13T05:55:09.2398127Z Get:8 http://ports.ubuntu.com/ubuntu-ports noble-updates/main arm64 libprotoc32t64 arm64 3.21.12-8.2ubuntu0.3 [637 kB]
2026-08-13T05:55:09.2696653Z Get:9 http://ports.ubuntu.com/ubuntu-ports noble-updates/main arm64 liblzma-dev arm64 5.6.1+really5.4.5-1ubuntu0.3 [178 kB]
2026-08-13T05:55:09.3127466Z Get:10 http://ports.ubuntu.com/ubuntu-ports noble-updates/main arm64 libunwind-dev arm64 1.6.2-3build1.1 [1872 kB]
2026-08-13T05:55:09.3485436Z Get:11 http://ports.ubuntu.com/ubuntu-ports noble/universe arm64 lld arm64 1:18.0-59~exp2 [5494 B]
2026-08-13T05:55:09.3747407Z Get:12 http://ports.ubuntu.com/ubuntu-ports noble-updates/universe arm64 protobuf-compiler arm64 3.21.12-8.2ubuntu0.3 [28.7 kB]
2026-08-13T05:55:09.6440159Z Fetched 16.3 MB in 1s (19.9 MB/s)
2026-08-13T05:55:09.6897449Z Selecting previously unselected package build-essential.
2026-08-13T05:55:09.7543741Z (Reading database ... 
2026-08-13T05:55:09.7544288Z (Reading database ... 5%
2026-08-13T05:55:09.7544564Z (Reading database ... 10%
2026-08-13T05:55:09.7544856Z (Reading database ... 15%
2026-08-13T05:55:09.7545181Z (Reading database ... 20%
2026-08-13T05:55:09.7545453Z (Reading database ... 25%
2026-08-13T05:55:09.7546535Z (Reading database ... 30%
2026-08-13T05:55:09.7546869Z (Reading database ... 35%
2026-08-13T05:55:09.7547171Z (Reading database ... 40%
2026-08-13T05:55:09.7547836Z (Reading database ... 45%
2026-08-13T05:55:09.7548357Z (Reading database ... 50%
2026-08-13T05:55:09.8963446Z (Reading database ... 55%
2026-08-13T05:55:10.2051128Z (Reading database ... 60%
2026-08-13T05:55:10.3864590Z (Reading database ... 65%
2026-08-13T05:55:10.4760129Z (Reading database ... 70%
2026-08-13T05:55:10.5823296Z (Reading database ... 75%
2026-08-13T05:55:11.0223533Z (Reading database ... 80%
2026-08-13T05:55:11.5145069Z (Reading database ... 85%
2026-08-13T05:55:12.0994449Z (Reading database ... 90%
2026-08-13T05:55:12.6398087Z (Reading database ... 95%
2026-08-13T05:55:12.6398744Z (Reading database ... 100%
2026-08-13T05:55:12.6399130Z (Reading database ... 199905 files and directories currently installed.)
2026-08-13T05:55:12.6441488Z Preparing to unpack .../00-build-essential_12.10ubuntu1_arm64.deb ...
2026-08-13T05:55:12.6576445Z Unpacking build-essential (12.10ubuntu1) ...
2026-08-13T05:55:12.6796810Z Selecting previously unselected package clang.
2026-08-13T05:55:12.6969643Z Preparing to unpack .../01-clang_1%3a18.0-59~exp2_arm64.deb ...
2026-08-13T05:55:12.6984883Z Unpacking clang (1:18.0-59~exp2) ...
2026-08-13T05:55:12.7394895Z Selecting previously unselected package libjsoncpp25:arm64.
2026-08-13T05:55:12.7591593Z Preparing to unpack .../02-libjsoncpp25_1.9.5-6build1_arm64.deb ...
2026-08-13T05:55:12.7616875Z Unpacking libjsoncpp25:arm64 (1.9.5-6build1) ...
2026-08-13T05:55:12.7841411Z Selecting previously unselected package librhash0:arm64.
2026-08-13T05:55:12.8024425Z Preparing to unpack .../03-librhash0_1.4.3-3build1_arm64.deb ...
2026-08-13T05:55:12.8038713Z Unpacking librhash0:arm64 (1.4.3-3build1) ...
2026-08-13T05:55:12.8295891Z Selecting previously unselected package cmake-data.
2026-08-13T05:55:12.8479246Z Preparing to unpack .../04-cmake-data_3.28.3-1build7_all.deb ...
2026-08-13T05:55:12.8551319Z Unpacking cmake-data (3.28.3-1build7) ...
2026-08-13T05:55:13.4180790Z Selecting previously unselected package cmake.
2026-08-13T05:55:13.4377543Z Preparing to unpack .../05-cmake_3.28.3-1build7_arm64.deb ...
2026-08-13T05:55:13.4391617Z Unpacking cmake (3.28.3-1build7) ...
2026-08-13T05:55:13.6205904Z Selecting previously unselected package libprotobuf32t64:arm64.
2026-08-13T05:55:13.6373173Z Preparing to unpack .../06-libprotobuf32t64_3.21.12-8.2ubuntu0.3_arm64.deb ...
2026-08-13T05:55:13.6386870Z Unpacking libprotobuf32t64:arm64 (3.21.12-8.2ubuntu0.3) ...
2026-08-13T05:55:13.6776995Z Selecting previously unselected package libprotoc32t64:arm64.
2026-08-13T05:55:13.6952271Z Preparing to unpack .../07-libprotoc32t64_3.21.12-8.2ubuntu0.3_arm64.deb ...
2026-08-13T05:55:13.6965626Z Unpacking libprotoc32t64:arm64 (3.21.12-8.2ubuntu0.3) ...
2026-08-13T05:55:13.7296181Z Selecting previously unselected package liblzma-dev:arm64.
2026-08-13T05:55:13.7469463Z Preparing to unpack .../08-liblzma-dev_5.6.1+really5.4.5-1ubuntu0.3_arm64.deb ...
2026-08-13T05:55:13.7483094Z Unpacking liblzma-dev:arm64 (5.6.1+really5.4.5-1ubuntu0.3) ...
2026-08-13T05:55:13.7774297Z Selecting previously unselected package libunwind-dev:arm64.
2026-08-13T05:55:13.7972042Z Preparing to unpack .../09-libunwind-dev_1.6.2-3build1.1_arm64.deb ...
2026-08-13T05:55:13.7984308Z Unpacking libunwind-dev:arm64 (1.6.2-3build1.1) ...
2026-08-13T05:55:13.8508873Z Selecting previously unselected package lld:arm64.
2026-08-13T05:55:13.8705250Z Preparing to unpack .../10-lld_1%3a18.0-59~exp2_arm64.deb ...
2026-08-13T05:55:13.8717432Z Unpacking lld:arm64 (1:18.0-59~exp2) ...
2026-08-13T05:55:13.8964137Z Selecting previously unselected package protobuf-compiler.
2026-08-13T05:55:13.9155036Z Preparing to unpack .../11-protobuf-compiler_3.21.12-8.2ubuntu0.3_arm64.deb ...
2026-08-13T05:55:13.9167496Z Unpacking protobuf-compiler (3.21.12-8.2ubuntu0.3) ...
2026-08-13T05:55:13.9645003Z Setting up libprotobuf32t64:arm64 (3.21.12-8.2ubuntu0.3) ...
2026-08-13T05:55:13.9676335Z Setting up lld:arm64 (1:18.0-59~exp2) ...
2026-08-13T05:55:13.9707375Z Setting up clang (1:18.0-59~exp2) ...
2026-08-13T05:55:13.9926364Z Setting up libjsoncpp25:arm64 (1.9.5-6build1) ...
2026-08-13T05:55:13.9951932Z Setting up liblzma-dev:arm64 (5.6.1+really5.4.5-1ubuntu0.3) ...
2026-08-13T05:55:13.9981149Z Setting up librhash0:arm64 (1.4.3-3build1) ...
2026-08-13T05:55:14.0014625Z Setting up build-essential (12.10ubuntu1) ...
2026-08-13T05:55:14.0044055Z Setting up cmake-data (3.28.3-1build7) ...
2026-08-13T05:55:14.0167380Z Setting up libprotoc32t64:arm64 (3.21.12-8.2ubuntu0.3) ...
2026-08-13T05:55:14.0196918Z Setting up libunwind-dev:arm64 (1.6.2-3build1.1) ...
2026-08-13T05:55:14.0223591Z Setting up protobuf-compiler (3.21.12-8.2ubuntu0.3) ...
2026-08-13T05:55:14.0248902Z Setting up cmake (3.28.3-1build7) ...
2026-08-13T05:55:14.0284897Z Processing triggers for man-db (2.12.0-4build2) ...
2026-08-13T05:55:14.0360632Z Not building database; man-db/auto-update is not 'true'.
2026-08-13T05:55:14.0380844Z Processing triggers for libc-bin (2.39-0ubuntu8.7) ...
2026-08-13T05:55:16.7867287Z 
2026-08-13T05:55:16.7868280Z Running kernel seems to be up-to-date.
2026-08-13T05:55:16.7868626Z 
2026-08-13T05:55:16.7868776Z No services need to be restarted.
2026-08-13T05:55:16.7868963Z 
2026-08-13T05:55:16.7869350Z No containers need to be restarted.
2026-08-13T05:55:16.7869562Z 
2026-08-13T05:55:16.7869724Z No user sessions are running outdated binaries.
2026-08-13T05:55:16.7870027Z 
2026-08-13T05:55:16.7870259Z No VM guests are running outdated hypervisor (qemu) binaries on this host.
2026-08-13T05:55:18.0990173Z ##[group]Run dtolnay/rust-toolchain@stable
2026-08-13T05:55:18.0990732Z with:
2026-08-13T05:55:18.0990994Z   toolchain: 1.94.0
2026-08-13T05:55:18.0991314Z env:
2026-08-13T05:55:18.0991543Z   QDRANT_VERSION: 1.18.3
2026-08-13T05:55:18.0991835Z   IMAGE_NAME: local/rag-qdrant
2026-08-13T05:55:18.0992147Z   IMAGE_TAG: v1.18.3-arm64-64k
2026-08-13T05:55:18.0992416Z   CARGO_TERM_COLOR: always
2026-08-13T05:55:18.0992662Z   CARGO_BUILD_JOBS: 2
2026-08-13T05:55:18.0992966Z   JEMALLOC_SYS_WITH_LG_PAGE: 16
2026-08-13T05:55:18.0993231Z ##[endgroup]
2026-08-13T05:55:18.1069943Z ##[start-action display=Parse toolchain version;id=__dtolnay_rust-toolchain.parse]
2026-08-13T05:55:18.1118631Z ##[group]Run if [[ -z $toolchain ]]; then
2026-08-13T05:55:18.1119131Z [36;1mif [[ -z $toolchain ]]; then[0m
2026-08-13T05:55:18.1119689Z [36;1m  # GitHub does not enforce `required: true` inputs itself. https://github.com/actions/runner/issues/1070[0m
2026-08-13T05:55:18.1120338Z [36;1m  echo "'toolchain' is a required input" >&2[0m
2026-08-13T05:55:18.1120672Z [36;1m  exit 1[0m
2026-08-13T05:55:18.1120995Z [36;1melif [[ $toolchain =~ ^stable' '[0-9]+' '(year|month|week|day)s?' 'ago$ ]]; then[0m
2026-08-13T05:55:18.1121476Z [36;1m  if [[ Linux == macOS ]]; then[0m
2026-08-13T05:55:18.1122018Z [36;1m    echo "toolchain=1.$((($(date -v-$(sed 's/stable \([0-9]*\) \(.\).*/\1\2/' <<< $toolchain) +%s)/60/60/24-16569)/7/6))" >> $GITHUB_OUTPUT[0m
2026-08-13T05:55:18.1122597Z [36;1m  else[0m
2026-08-13T05:55:18.1123001Z [36;1m    echo "toolchain=1.$((($(date --date "${toolchain#stable }" +%s)/60/60/24-16569)/7/6))" >> $GITHUB_OUTPUT[0m
2026-08-13T05:55:18.1123480Z [36;1m  fi[0m
2026-08-13T05:55:18.1123872Z [36;1melif [[ $toolchain =~ ^stable' 'minus' '[0-9]+' 'releases?$ ]]; then[0m
2026-08-13T05:55:18.1124408Z [36;1m  echo "toolchain=1.$((($(date +%s)/60/60/24-16569)/7/6-${toolchain//[^0-9]/}))" >> $GITHUB_OUTPUT[0m
2026-08-13T05:55:18.1124920Z [36;1melif [[ $toolchain =~ ^1\.[0-9]+$ ]]; then[0m
2026-08-13T05:55:18.1125465Z [36;1m  echo "toolchain=1.$((i=${toolchain#1.}, c=($(date +%s)/60/60/24-16569)/7/6, i+9*i*(10*i<=c)+90*i*(100*i<=c)))" >> $GITHUB_OUTPUT[0m
2026-08-13T05:55:18.1125978Z [36;1melse[0m
2026-08-13T05:55:18.1126301Z [36;1m  echo "toolchain=$toolchain" >> $GITHUB_OUTPUT[0m
2026-08-13T05:55:18.1126613Z [36;1mfi[0m
2026-08-13T05:55:18.1152321Z shell: /usr/bin/bash --noprofile --norc -e -o pipefail {0}
2026-08-13T05:55:18.1152695Z env:
2026-08-13T05:55:18.1153098Z   QDRANT_VERSION: 1.18.3
2026-08-13T05:55:18.1153371Z   IMAGE_NAME: local/rag-qdrant
2026-08-13T05:55:18.1153906Z   IMAGE_TAG: v1.18.3-arm64-64k
2026-08-13T05:55:18.1154216Z   CARGO_TERM_COLOR: always
2026-08-13T05:55:18.1154462Z   CARGO_BUILD_JOBS: 2
2026-08-13T05:55:18.1154756Z   JEMALLOC_SYS_WITH_LG_PAGE: 16
2026-08-13T05:55:18.1155043Z   toolchain: 1.94.0
2026-08-13T05:55:18.1155265Z ##[endgroup]
2026-08-13T05:55:18.1230440Z ##[end-action id=__dtolnay_rust-toolchain.parse;outcome=success;conclusion=success;duration_ms=15]
2026-08-13T05:55:18.1245575Z ##[start-action display=Construct rustup command line;id=__dtolnay_rust-toolchain.flags]
2026-08-13T05:55:18.1277456Z ##[group]Run echo "targets=$(for t in ${targets//,/ }; do echo -n ' --target' $t; done)" >> $GITHUB_OUTPUT
2026-08-13T05:55:18.1278455Z [36;1mecho "targets=$(for t in ${targets//,/ }; do echo -n ' --target' $t; done)" >> $GITHUB_OUTPUT[0m
2026-08-13T05:55:18.1279192Z [36;1mecho "components=$(for c in ${components//,/ }; do echo -n ' --component' $c; done)" >> $GITHUB_OUTPUT[0m
2026-08-13T05:55:18.1279692Z [36;1mecho "downgrade=" >> $GITHUB_OUTPUT[0m
2026-08-13T05:55:18.1304349Z shell: /usr/bin/bash --noprofile --norc -e -o pipefail {0}
2026-08-13T05:55:18.1304744Z env:
2026-08-13T05:55:18.1305014Z   QDRANT_VERSION: 1.18.3
2026-08-13T05:55:18.1305280Z   IMAGE_NAME: local/rag-qdrant
2026-08-13T05:55:18.1305549Z   IMAGE_TAG: v1.18.3-arm64-64k
2026-08-13T05:55:18.1305883Z   CARGO_TERM_COLOR: always
2026-08-13T05:55:18.1306156Z   CARGO_BUILD_JOBS: 2
2026-08-13T05:55:18.1306699Z   JEMALLOC_SYS_WITH_LG_PAGE: 16
2026-08-13T05:55:18.1307020Z   targets: 
2026-08-13T05:55:18.1307231Z   components: 
2026-08-13T05:55:18.1307495Z ##[endgroup]
2026-08-13T05:55:18.1368909Z ##[end-action id=__dtolnay_rust-toolchain.flags;outcome=success;conclusion=success;duration_ms=12]
2026-08-13T05:55:18.1372122Z ##[start-action display=Set $CARGO_HOME;id=__dtolnay_rust-toolchain.__run]
2026-08-13T05:55:18.1392386Z ##[group]Run echo CARGO_HOME=${CARGO_HOME:-"$HOME/.cargo"} >> $GITHUB_ENV
2026-08-13T05:55:18.1392895Z [36;1mecho CARGO_HOME=${CARGO_HOME:-"$HOME/.cargo"} >> $GITHUB_ENV[0m
2026-08-13T05:55:18.1416114Z shell: /usr/bin/bash --noprofile --norc -e -o pipefail {0}
2026-08-13T05:55:18.1416477Z env:
2026-08-13T05:55:18.1416835Z   QDRANT_VERSION: 1.18.3
2026-08-13T05:55:18.1417089Z   IMAGE_NAME: local/rag-qdrant
2026-08-13T05:55:18.1417343Z   IMAGE_TAG: v1.18.3-arm64-64k
2026-08-13T05:55:18.1417660Z   CARGO_TERM_COLOR: always
2026-08-13T05:55:18.1418128Z   CARGO_BUILD_JOBS: 2
2026-08-13T05:55:18.1418471Z   JEMALLOC_SYS_WITH_LG_PAGE: 16
2026-08-13T05:55:18.1418752Z ##[endgroup]
2026-08-13T05:55:18.1473034Z ##[end-action id=__dtolnay_rust-toolchain.__run;outcome=success;conclusion=success;duration_ms=10]
2026-08-13T05:55:18.1476024Z ##[start-action display=Install rustup if needed;id=__dtolnay_rust-toolchain.__run_2]
2026-08-13T05:55:18.1507199Z ##[group]Run if ! command -v rustup &>/dev/null; then
2026-08-13T05:55:18.1507679Z [36;1mif ! command -v rustup &>/dev/null; then[0m
2026-08-13T05:55:18.1508717Z [36;1m  curl --proto '=https' --tlsv1.2 --retry 10 --retry-connrefused --location --silent --show-error --fail https://sh.rustup.rs | sh -s -- --default-toolchain none -y[0m
2026-08-13T05:55:18.1509477Z [36;1m  echo "$CARGO_HOME/bin" >> $GITHUB_PATH[0m
2026-08-13T05:55:18.1509850Z [36;1mfi[0m
2026-08-13T05:55:18.1533667Z shell: /usr/bin/bash --noprofile --norc -e -o pipefail {0}
2026-08-13T05:55:18.1534215Z env:
2026-08-13T05:55:18.1534456Z   QDRANT_VERSION: 1.18.3
2026-08-13T05:55:18.1534852Z   IMAGE_NAME: local/rag-qdrant
2026-08-13T05:55:18.1535138Z   IMAGE_TAG: v1.18.3-arm64-64k
2026-08-13T05:55:18.1535423Z   CARGO_TERM_COLOR: always
2026-08-13T05:55:18.1535750Z   CARGO_BUILD_JOBS: 2
2026-08-13T05:55:18.1536015Z   JEMALLOC_SYS_WITH_LG_PAGE: 16
2026-08-13T05:55:18.1536371Z   CARGO_HOME: /home/runner/.cargo
2026-08-13T05:55:18.1536664Z ##[endgroup]
2026-08-13T05:55:18.1588581Z ##[end-action id=__dtolnay_rust-toolchain.__run_2;outcome=success;conclusion=success;duration_ms=11]
2026-08-13T05:55:18.1591645Z ##[start-action display=Install rustup if needed on windows;id=__dtolnay_rust-toolchain.__run_3]
2026-08-13T05:55:18.1602215Z ##[end-action id=__dtolnay_rust-toolchain.__run_3;outcome=skipped;conclusion=skipped;duration_ms=0]
2026-08-13T05:55:18.1615829Z ##[start-action display=rustup toolchain install 1.94.0;id=__dtolnay_rust-toolchain.__run_4]
2026-08-13T05:55:18.1637592Z ##[group]Run rustup toolchain install 1.94.0 --profile minimal --no-self-update
2026-08-13T05:55:18.1638538Z [36;1mrustup toolchain install 1.94.0 --profile minimal --no-self-update[0m
2026-08-13T05:55:18.1662454Z shell: /usr/bin/bash --noprofile --norc -e -o pipefail {0}
2026-08-13T05:55:18.1662986Z env:
2026-08-13T05:55:18.1663232Z   QDRANT_VERSION: 1.18.3
2026-08-13T05:55:18.1663496Z   IMAGE_NAME: local/rag-qdrant
2026-08-13T05:55:18.1663877Z   IMAGE_TAG: v1.18.3-arm64-64k
2026-08-13T05:55:18.1664157Z   CARGO_TERM_COLOR: always
2026-08-13T05:55:18.1664445Z   CARGO_BUILD_JOBS: 2
2026-08-13T05:55:18.1664709Z   JEMALLOC_SYS_WITH_LG_PAGE: 16
2026-08-13T05:55:18.1664982Z   CARGO_HOME: /home/runner/.cargo
2026-08-13T05:55:18.1665322Z   RUSTUP_PERMIT_COPY_RENAME: 1
2026-08-13T05:55:18.1665605Z ##[endgroup]
2026-08-13T05:55:18.6982943Z info: syncing channel updates for 1.94.0-aarch64-unknown-linux-gnu
2026-08-13T05:55:18.8737751Z info: latest update on 2026-03-05 for version 1.94.0 (4a4ef493e 2026-03-02)
2026-08-13T05:55:18.8794080Z info: downloading 3 components
2026-08-13T05:55:23.7941946Z 
2026-08-13T05:55:23.8002088Z   1.94.0-aarch64-unknown-linux-gnu installed - rustc 1.94.0 (4a4ef493e 2026-03-02)
2026-08-13T05:55:23.8003460Z 
2026-08-13T05:55:23.8139546Z ##[end-action id=__dtolnay_rust-toolchain.__run_4;outcome=success;conclusion=success;duration_ms=5652]
2026-08-13T05:55:23.8146803Z ##[start-action display=rustup default 1.94.0;id=__dtolnay_rust-toolchain.__run_5]
2026-08-13T05:55:23.8167495Z ##[group]Run rustup default 1.94.0
2026-08-13T05:55:23.8167877Z [36;1mrustup default 1.94.0[0m
2026-08-13T05:55:23.8192957Z shell: /usr/bin/bash --noprofile --norc -e -o pipefail {0}
2026-08-13T05:55:23.8193356Z env:
2026-08-13T05:55:23.8193612Z   QDRANT_VERSION: 1.18.3
2026-08-13T05:55:23.8193874Z   IMAGE_NAME: local/rag-qdrant
2026-08-13T05:55:23.8194138Z   IMAGE_TAG: v1.18.3-arm64-64k
2026-08-13T05:55:23.8194448Z   CARGO_TERM_COLOR: always
2026-08-13T05:55:23.8194719Z   CARGO_BUILD_JOBS: 2
2026-08-13T05:55:23.8194950Z   JEMALLOC_SYS_WITH_LG_PAGE: 16
2026-08-13T05:55:23.8195268Z   CARGO_HOME: /home/runner/.cargo
2026-08-13T05:55:23.8195539Z ##[endgroup]
2026-08-13T05:55:23.8278528Z info: using existing install for 1.94.0-aarch64-unknown-linux-gnu
2026-08-13T05:55:23.8288103Z info: default toolchain set to 1.94.0-aarch64-unknown-linux-gnu
2026-08-13T05:55:23.8288390Z 
2026-08-13T05:55:23.8346733Z   1.94.0-aarch64-unknown-linux-gnu unchanged - rustc 1.94.0 (4a4ef493e 2026-03-02)
2026-08-13T05:55:23.8347240Z 
2026-08-13T05:55:23.8360964Z ##[end-action id=__dtolnay_rust-toolchain.__run_5;outcome=success;conclusion=success;duration_ms=21]
2026-08-13T05:55:23.8364029Z ##[start-action display=Create cachekey;id=__dtolnay_rust-toolchain.rustc-version]
2026-08-13T05:55:23.8385681Z ##[group]Run DATE=$(rustc +1.94.0 --version --verbose | sed -ne 's/^commit-date: \(20[0-9][0-9]\)-\([01][0-9]\)-\([0-3][0-9]\)$/\1\2\3/p')
2026-08-13T05:55:23.8386503Z [36;1mDATE=$(rustc +1.94.0 --version --verbose | sed -ne 's/^commit-date: \(20[0-9][0-9]\)-\([01][0-9]\)-\([0-3][0-9]\)$/\1\2\3/p')[0m
2026-08-13T05:55:23.8387688Z [36;1mHASH=$(rustc +1.94.0 --version --verbose | sed -ne 's/^commit-hash: //p')[0m
2026-08-13T05:55:23.8505366Z [36;1mecho "cachekey=$(echo $DATE$HASH | head -c12)" >> $GITHUB_OUTPUT[0m
2026-08-13T05:55:23.8530687Z shell: /usr/bin/bash --noprofile --norc -e -o pipefail {0}
2026-08-13T05:55:23.8530988Z env:
2026-08-13T05:55:23.8531156Z   QDRANT_VERSION: 1.18.3
2026-08-13T05:55:23.8531355Z   IMAGE_NAME: local/rag-qdrant
2026-08-13T05:55:23.8531562Z   IMAGE_TAG: v1.18.3-arm64-64k
2026-08-13T05:55:23.8531768Z   CARGO_TERM_COLOR: always
2026-08-13T05:55:23.8532045Z   CARGO_BUILD_JOBS: 2
2026-08-13T05:55:23.8532235Z   JEMALLOC_SYS_WITH_LG_PAGE: 16
2026-08-13T05:55:23.8532726Z   CARGO_HOME: /home/runner/.cargo
2026-08-13T05:55:23.8532930Z ##[endgroup]
2026-08-13T05:55:23.8809580Z ##[end-action id=__dtolnay_rust-toolchain.rustc-version;outcome=success;conclusion=success;duration_ms=44]
2026-08-13T05:55:23.8812103Z ##[start-action display=Disable incremental compilation;id=__dtolnay_rust-toolchain.__run_6]
2026-08-13T05:55:23.8827503Z ##[group]Run if [ -z "${CARGO_INCREMENTAL+set}" ]; then
2026-08-13T05:55:23.8827859Z [36;1mif [ -z "${CARGO_INCREMENTAL+set}" ]; then[0m
2026-08-13T05:55:23.8828618Z [36;1m  echo CARGO_INCREMENTAL=0 >> $GITHUB_ENV[0m
2026-08-13T05:55:23.8828877Z [36;1mfi[0m
2026-08-13T05:55:23.8853509Z shell: /usr/bin/bash --noprofile --norc -e -o pipefail {0}
2026-08-13T05:55:23.8853804Z env:
2026-08-13T05:55:23.8853966Z   QDRANT_VERSION: 1.18.3
2026-08-13T05:55:23.8854166Z   IMAGE_NAME: local/rag-qdrant
2026-08-13T05:55:23.8854375Z   IMAGE_TAG: v1.18.3-arm64-64k
2026-08-13T05:55:23.8854581Z   CARGO_TERM_COLOR: always
2026-08-13T05:55:23.8854791Z   CARGO_BUILD_JOBS: 2
2026-08-13T05:55:23.8854979Z   JEMALLOC_SYS_WITH_LG_PAGE: 16
2026-08-13T05:55:23.8855197Z   CARGO_HOME: /home/runner/.cargo
2026-08-13T05:55:23.8855405Z ##[endgroup]
2026-08-13T05:55:23.8903343Z ##[end-action id=__dtolnay_rust-toolchain.__run_6;outcome=success;conclusion=success;duration_ms=9]
2026-08-13T05:55:23.8905793Z ##[start-action display=Enable colors in Cargo output;id=__dtolnay_rust-toolchain.__run_7]
2026-08-13T05:55:23.8920480Z ##[group]Run if [ -z "${CARGO_TERM_COLOR+set}" ]; then
2026-08-13T05:55:23.8920812Z [36;1mif [ -z "${CARGO_TERM_COLOR+set}" ]; then[0m
2026-08-13T05:55:23.8921118Z [36;1m  echo CARGO_TERM_COLOR=always >> $GITHUB_ENV[0m
2026-08-13T05:55:23.8921372Z [36;1mfi[0m
2026-08-13T05:55:23.8943442Z shell: /usr/bin/bash --noprofile --norc -e -o pipefail {0}
2026-08-13T05:55:23.8943733Z env:
2026-08-13T05:55:23.8943892Z   QDRANT_VERSION: 1.18.3
2026-08-13T05:55:23.8944089Z   IMAGE_NAME: local/rag-qdrant
2026-08-13T05:55:23.8944314Z   IMAGE_TAG: v1.18.3-arm64-64k
2026-08-13T05:55:23.8944519Z   CARGO_TERM_COLOR: always
2026-08-13T05:55:23.8944712Z   CARGO_BUILD_JOBS: 2
2026-08-13T05:55:23.8944898Z   JEMALLOC_SYS_WITH_LG_PAGE: 16
2026-08-13T05:55:23.8945116Z   CARGO_HOME: /home/runner/.cargo
2026-08-13T05:55:23.8945330Z   CARGO_INCREMENTAL: 0
2026-08-13T05:55:23.8945507Z ##[endgroup]
2026-08-13T05:55:23.8991893Z ##[end-action id=__dtolnay_rust-toolchain.__run_7;outcome=success;conclusion=success;duration_ms=8]
2026-08-13T05:55:23.8994074Z ##[start-action display=Enable Cargo sparse registry;id=__dtolnay_rust-toolchain.__run_8]
2026-08-13T05:55:23.9011640Z ##[group]Run # implemented in 1.66, stabilized in 1.68, made default in 1.70
2026-08-13T05:55:23.9012126Z [36;1m# implemented in 1.66, stabilized in 1.68, made default in 1.70[0m
2026-08-13T05:55:23.9012772Z [36;1mif [ -z "${CARGO_REGISTRIES_CRATES_IO_PROTOCOL+set}" -o -f "/home/runner/work/_temp"/.implicit_cargo_registries_crates_io_protocol ]; then[0m
2026-08-13T05:55:23.9013454Z [36;1m  if rustc +1.94.0 --version --verbose | grep -q '^release: 1\.6[89]\.'; then[0m
2026-08-13T05:55:23.9013976Z [36;1m    touch "/home/runner/work/_temp"/.implicit_cargo_registries_crates_io_protocol || true[0m
2026-08-13T05:55:23.9014474Z [36;1m    echo CARGO_REGISTRIES_CRATES_IO_PROTOCOL=sparse >> $GITHUB_ENV[0m
2026-08-13T05:55:23.9014936Z [36;1m  elif rustc +1.94.0 --version --verbose | grep -q '^release: 1\.6[67]\.'; then[0m
2026-08-13T05:55:23.9015458Z [36;1m    touch "/home/runner/work/_temp"/.implicit_cargo_registries_crates_io_protocol || true[0m
2026-08-13T05:55:23.9015944Z [36;1m    echo CARGO_REGISTRIES_CRATES_IO_PROTOCOL=git >> $GITHUB_ENV[0m
2026-08-13T05:55:23.9016256Z [36;1m  fi[0m
2026-08-13T05:55:23.9016413Z [36;1mfi[0m
2026-08-13T05:55:23.9038637Z shell: /usr/bin/bash --noprofile --norc -e -o pipefail {0}
2026-08-13T05:55:23.9038930Z env:
2026-08-13T05:55:23.9039092Z   QDRANT_VERSION: 1.18.3
2026-08-13T05:55:23.9039295Z   IMAGE_NAME: local/rag-qdrant
2026-08-13T05:55:23.9039813Z   IMAGE_TAG: v1.18.3-arm64-64k
2026-08-13T05:55:23.9040023Z   CARGO_TERM_COLOR: always
2026-08-13T05:55:23.9040214Z   CARGO_BUILD_JOBS: 2
2026-08-13T05:55:23.9040401Z   JEMALLOC_SYS_WITH_LG_PAGE: 16
2026-08-13T05:55:23.9040616Z   CARGO_HOME: /home/runner/.cargo
2026-08-13T05:55:23.9040830Z   CARGO_INCREMENTAL: 0
2026-08-13T05:55:23.9041012Z ##[endgroup]
2026-08-13T05:55:23.9296633Z ##[end-action id=__dtolnay_rust-toolchain.__run_8;outcome=success;conclusion=success;duration_ms=30]
2026-08-13T05:55:23.9299453Z ##[start-action display=Work around spurious network errors in curl 8.0;id=__dtolnay_rust-toolchain.__run_9]
2026-08-13T05:55:23.9316198Z ##[group]Run # https://rust-lang.zulipchat.com/#narrow/stream/246057-t-cargo/topic/timeout.20investigation
2026-08-13T05:55:23.9316894Z [36;1m# https://rust-lang.zulipchat.com/#narrow/stream/246057-t-cargo/topic/timeout.20investigation[0m
2026-08-13T05:55:23.9317449Z [36;1mif rustc +1.94.0 --version --verbose | grep -q '^release: 1\.7[01]\.'; then[0m
2026-08-13T05:55:23.9317880Z [36;1m  echo CARGO_HTTP_MULTIPLEXING=false >> $GITHUB_ENV[0m
2026-08-13T05:55:23.9318674Z [36;1mfi[0m
2026-08-13T05:55:23.9343368Z shell: /usr/bin/bash --noprofile --norc -e -o pipefail {0}
2026-08-13T05:55:23.9343664Z env:
2026-08-13T05:55:23.9343827Z   QDRANT_VERSION: 1.18.3
2026-08-13T05:55:23.9344033Z   IMAGE_NAME: local/rag-qdrant
2026-08-13T05:55:23.9344522Z   IMAGE_TAG: v1.18.3-arm64-64k
2026-08-13T05:55:23.9344753Z   CARGO_TERM_COLOR: always
2026-08-13T05:55:23.9344946Z   CARGO_BUILD_JOBS: 2
2026-08-13T05:55:23.9345131Z   JEMALLOC_SYS_WITH_LG_PAGE: 16
2026-08-13T05:55:23.9345350Z   CARGO_HOME: /home/runner/.cargo
2026-08-13T05:55:23.9345566Z   CARGO_INCREMENTAL: 0
2026-08-13T05:55:23.9345751Z ##[endgroup]
2026-08-13T05:55:23.9498940Z ##[end-action id=__dtolnay_rust-toolchain.__run_9;outcome=success;conclusion=success;duration_ms=19]
2026-08-13T05:55:23.9503063Z ##[start-action display=rustc +1.94.0 --version --verbose;id=__dtolnay_rust-toolchain.__run_10]
2026-08-13T05:55:23.9519133Z ##[group]Run rustc +1.94.0 --version --verbose
2026-08-13T05:55:23.9519443Z [36;1mrustc +1.94.0 --version --verbose[0m
2026-08-13T05:55:23.9543667Z shell: /usr/bin/bash --noprofile --norc -e -o pipefail {0}
2026-08-13T05:55:23.9543963Z env:
2026-08-13T05:55:23.9544126Z   QDRANT_VERSION: 1.18.3
2026-08-13T05:55:23.9544332Z   IMAGE_NAME: local/rag-qdrant
2026-08-13T05:55:23.9544563Z   IMAGE_TAG: v1.18.3-arm64-64k
2026-08-13T05:55:23.9544775Z   CARGO_TERM_COLOR: always
2026-08-13T05:55:23.9544970Z   CARGO_BUILD_JOBS: 2
2026-08-13T05:55:23.9545162Z   JEMALLOC_SYS_WITH_LG_PAGE: 16
2026-08-13T05:55:23.9545381Z   CARGO_HOME: /home/runner/.cargo
2026-08-13T05:55:23.9545595Z   CARGO_INCREMENTAL: 0
2026-08-13T05:55:23.9545778Z ##[endgroup]
2026-08-13T05:55:23.9677649Z rustc 1.94.0 (4a4ef493e 2026-03-02)
2026-08-13T05:55:23.9678193Z binary: rustc
2026-08-13T05:55:23.9678826Z commit-hash: 4a4ef493e3a1488c6e321570238084b38948f6db
2026-08-13T05:55:23.9679142Z commit-date: 2026-03-02
2026-08-13T05:55:23.9679388Z host: aarch64-unknown-linux-gnu
2026-08-13T05:55:23.9679804Z release: 1.94.0
2026-08-13T05:55:23.9680009Z LLVM version: 21.1.8
2026-08-13T05:55:23.9696643Z ##[end-action id=__dtolnay_rust-toolchain.__run_10;outcome=success;conclusion=success;duration_ms=19]
2026-08-13T05:55:23.9753112Z ##[group]Run set -Eeuo pipefail
2026-08-13T05:55:23.9753445Z [36;1mset -Eeuo pipefail[0m
2026-08-13T05:55:23.9753660Z [36;1mcd qdrant-src[0m
2026-08-13T05:55:23.9753940Z [36;1mecho "JEMALLOC_SYS_WITH_LG_PAGE=$JEMALLOC_SYS_WITH_LG_PAGE"[0m
2026-08-13T05:55:23.9754291Z [36;1mtest "$JEMALLOC_SYS_WITH_LG_PAGE" = "16"[0m
2026-08-13T05:55:23.9754657Z [36;1mcargo build --locked --release --features=stacktrace --bin qdrant[0m
2026-08-13T05:55:23.9755010Z [36;1mtest -x target/release/qdrant[0m
2026-08-13T05:55:23.9755257Z [36;1mfile target/release/qdrant[0m
2026-08-13T05:55:23.9755496Z [36;1mtarget/release/qdrant --version[0m
2026-08-13T05:55:23.9779752Z shell: /usr/bin/bash --noprofile --norc -e -o pipefail {0}
2026-08-13T05:55:23.9780296Z env:
2026-08-13T05:55:23.9780460Z   QDRANT_VERSION: 1.18.3
2026-08-13T05:55:23.9780693Z   IMAGE_NAME: local/rag-qdrant
2026-08-13T05:55:23.9780911Z   IMAGE_TAG: v1.18.3-arm64-64k
2026-08-13T05:55:23.9781122Z   CARGO_TERM_COLOR: always
2026-08-13T05:55:23.9781362Z   CARGO_BUILD_JOBS: 2
2026-08-13T05:55:23.9781562Z   JEMALLOC_SYS_WITH_LG_PAGE: 16
2026-08-13T05:55:23.9781785Z   CARGO_HOME: /home/runner/.cargo
2026-08-13T05:55:23.9782006Z   CARGO_INCREMENTAL: 0
2026-08-13T05:55:23.9782194Z ##[endgroup]
2026-08-13T05:55:23.9823706Z JEMALLOC_SYS_WITH_LG_PAGE=16
2026-08-13T05:55:24.0252760Z [1m[92m    Updating[0m git repository `https://github.com/qdrant/tonic`
2026-08-13T05:55:26.9206901Z [1m[92m    Updating[0m crates.io index
2026-08-13T05:55:26.9218697Z [1m[92m    Updating[0m git repository `https://github.com/tikv/raft-rs`
2026-08-13T05:55:29.3990299Z [1m[92m Downloading[0m crates ...
2026-08-13T05:55:29.4627234Z [1m[92m  Downloaded[0m actix-codec v0.5.2
2026-08-13T05:55:29.4643568Z [1m[92m  Downloaded[0m actix-macros v0.2.4
2026-08-13T05:55:29.4659819Z [1m[92m  Downloaded[0m actix-multipart-derive v0.7.0
2026-08-13T05:55:29.4678171Z [1m[92m  Downloaded[0m actix-router v0.5.4
2026-08-13T05:55:29.4698105Z [1m[92m  Downloaded[0m actix-service v2.0.3
2026-08-13T05:55:29.4719314Z [1m[92m  Downloaded[0m crc32fast v1.5.0
2026-08-13T05:55:29.4739150Z [1m[92m  Downloaded[0m convert_case v0.10.0
2026-08-13T05:55:29.4756488Z [1m[92m  Downloaded[0m cpufeatures v0.2.17
2026-08-13T05:55:29.4773636Z [1m[92m  Downloaded[0m crossbeam-channel v0.5.15
2026-08-13T05:55:29.4810264Z [1m[92m  Downloaded[0m cookie v0.16.2
2026-08-13T05:55:29.4833144Z [1m[92m  Downloaded[0m axum-core v0.5.6
2026-08-13T05:55:29.4858426Z [1m[92m  Downloaded[0m atomic-waker v1.1.2
2026-08-13T05:55:29.4879691Z [1m[92m  Downloaded[0m cfg-if v1.0.4
2026-08-13T05:55:29.4896061Z [1m[92m  Downloaded[0m autotools v0.2.7
2026-08-13T05:55:29.4912893Z [1m[92m  Downloaded[0m count-min-sketch v0.1.8
2026-08-13T05:55:29.4934905Z [1m[92m  Downloaded[0m ed25519 v2.2.3
2026-08-13T05:55:29.4977805Z [1m[92m  Downloaded[0m hash32 v0.3.1
2026-08-13T05:55:29.5024420Z [1m[92m  Downloaded[0m http-body v1.0.1
2026-08-13T05:55:29.5071405Z [1m[92m  Downloaded[0m httpdate v1.0.3
2026-08-13T05:55:29.5140869Z [1m[92m  Downloaded[0m hyper-rustls v0.27.7
2026-08-13T05:55:29.5238329Z [1m[92m  Downloaded[0m lru-slab v0.1.2
2026-08-13T05:55:29.5321788Z [1m[92m  Downloaded[0m num v0.4.3
2026-08-13T05:55:29.5397117Z [1m[92m  Downloaded[0m num-conv v0.2.0
2026-08-13T05:55:29.5479835Z [1m[92m  Downloaded[0m permutation_iterator v0.1.2
2026-08-13T05:55:29.5558647Z [1m[92m  Downloaded[0m rand_pcg v0.10.2
2026-08-13T05:55:29.5641129Z [1m[92m  Downloaded[0m rustc_version v0.4.1
2026-08-13T05:55:29.5716611Z [1m[92m  Downloaded[0m spki v0.7.3
2026-08-13T05:55:29.5795062Z [1m[92m  Downloaded[0m symlink v0.1.0
2026-08-13T05:55:29.5840176Z [1m[92m  Downloaded[0m tonic-build v0.14.6
2026-08-13T05:55:29.5879149Z [1m[92m  Downloaded[0m utf8parse v0.2.2
2026-08-13T05:55:29.5912030Z [1m[92m  Downloaded[0m v_htmlescape v0.15.8
2026-08-13T05:55:29.5942907Z [1m[92m  Downloaded[0m zerofrom-derive v0.1.6
2026-08-13T05:55:29.5965634Z [1m[92m  Downloaded[0m zeroize v1.8.2
2026-08-13T05:55:29.5986158Z [1m[92m  Downloaded[0m zbus_names v4.3.1
2026-08-13T05:55:29.6008374Z [1m[92m  Downloaded[0m typenum v1.19.0
2026-08-13T05:55:29.6038582Z [1m[92m  Downloaded[0m zeroize_derive v1.4.3
2026-08-13T05:55:29.6058732Z [1m[92m  Downloaded[0m zvariant_utils v3.3.0
2026-08-13T05:55:29.6079650Z [1m[92m  Downloaded[0m unicode-segmentation v1.12.0
2026-08-13T05:55:29.6108775Z [1m[92m  Downloaded[0m zstd v0.13.3
2026-08-13T05:55:29.6132574Z [1m[92m  Downloaded[0m time v0.3.47
2026-08-13T05:55:29.6211506Z [1m[92m  Downloaded[0m sysinfo v0.38.4
2026-08-13T05:55:29.6288514Z [1m[92m  Downloaded[0m yaml-rust2 v0.11.0
2026-08-13T05:55:29.6318399Z [1m[92m  Downloaded[0m zerocopy-derive v0.8.50
2026-08-13T05:55:29.6371951Z [1m[92m  Downloaded[0m unicode-width v0.2.2
2026-08-13T05:55:29.6421443Z [1m[92m  Downloaded[0m tracing-subscriber v0.3.23
2026-08-13T05:55:29.6478891Z [1m[92m  Downloaded[0m spade v2.15.0
2026-08-13T05:55:29.6560404Z [1m[92m  Downloaded[0m whatlang v0.16.4
2026-08-13T05:55:29.6588744Z [1m[92m  Downloaded[0m zbus v5.14.0
2026-08-13T05:55:29.6650553Z [1m[92m  Downloaded[0m tower-http v0.6.8
2026-08-13T05:55:29.6701728Z [1m[92m  Downloaded[0m winnow v1.0.0
2026-08-13T05:55:29.6761416Z [1m[92m  Downloaded[0m winnow v0.7.15
2026-08-13T05:55:29.6822063Z [1m[92m  Downloaded[0m tracing v0.1.44
2026-08-13T05:55:29.6927324Z [1m[92m  Downloaded[0m regex-automata v0.4.14
2026-08-13T05:55:29.7034210Z [1m[92m  Downloaded[0m zerocopy v0.8.50
2026-08-13T05:55:29.7150358Z [1m[92m  Downloaded[0m tower v0.5.3
2026-08-13T05:55:29.7206875Z [1m[92m  Downloaded[0m syn v2.0.117
2026-08-13T05:55:29.7278503Z [1m[92m  Downloaded[0m robust v1.2.0
2026-08-13T05:55:29.7343738Z [1m[92m  Downloaded[0m zvariant v5.10.0
2026-08-13T05:55:29.7385036Z [1m[92m  Downloaded[0m zerotrie v0.2.3
2026-08-13T05:55:29.7409759Z [1m[92m  Downloaded[0m unicode-normalization v0.1.25
2026-08-13T05:55:29.7437037Z [1m[92m  Downloaded[0m zerovec v0.11.5
2026-08-13T05:55:29.7472494Z [1m[92m  Downloaded[0m rustix v1.1.4
2026-08-13T05:55:29.7617440Z [1m[92m  Downloaded[0m rustix v0.38.44
2026-08-13T05:55:29.7759423Z [1m[92m  Downloaded[0m zvariant_derive v5.10.0
2026-08-13T05:55:29.7771235Z [1m[92m  Downloaded[0m zstd-safe v7.2.4
2026-08-13T05:55:29.7784325Z [1m[92m  Downloaded[0m zmij v1.0.21
2026-08-13T05:55:29.7799230Z [1m[92m  Downloaded[0m zerovec-derive v0.11.2
2026-08-13T05:55:29.7811588Z [1m[92m  Downloaded[0m url v2.5.8
2026-08-13T05:55:29.7832813Z [1m[92m  Downloaded[0m syn v1.0.109
2026-08-13T05:55:29.7893130Z [1m[92m  Downloaded[0m rustls v0.23.40
2026-08-13T05:55:29.7972884Z [1m[92m  Downloaded[0m petgraph v0.8.3
2026-08-13T05:55:29.8110800Z [1m[92m  Downloaded[0m tokio-util v0.7.18
2026-08-13T05:55:29.8159022Z [1m[92m  Downloaded[0m tikv-jemalloc-sys v0.6.1+5.3.0-1-ge13ca993e8ccb9ba9847cc330696e02839f328f7
2026-08-13T05:55:29.8386704Z [1m[92m  Downloaded[0m tokio v1.52.3
2026-08-13T05:55:29.8634884Z [1m[92m  Downloaded[0m tar v0.4.46
2026-08-13T05:55:29.8657079Z [1m[92m  Downloaded[0m symbolic-demangle v13.1.1
2026-08-13T05:55:29.8705392Z [1m[92m  Downloaded[0m serde_with v3.20.0
2026-08-13T05:55:29.8785438Z [1m[92m  Downloaded[0m yoke v0.8.1
2026-08-13T05:55:29.8805768Z [1m[92m  Downloaded[0m linux-raw-sys v0.4.15
2026-08-13T05:55:29.9127779Z [1m[92m  Downloaded[0m wyz v0.5.1
2026-08-13T05:55:29.9138000Z [1m[92m  Downloaded[0m validator v0.20.0
2026-08-13T05:55:29.9151539Z [1m[92m  Downloaded[0m libc v0.2.186
2026-08-13T05:55:29.9373360Z [1m[92m  Downloaded[0m zbus_macros v5.14.0
2026-08-13T05:55:29.9386574Z [1m[92m  Downloaded[0m xxhash-rust v0.8.15
2026-08-13T05:55:29.9400057Z [1m[92m  Downloaded[0m xattr v1.6.1
2026-08-13T05:55:29.9412800Z [1m[92m  Downloaded[0m writeable v0.6.2
2026-08-13T05:55:29.9427848Z [1m[92m  Downloaded[0m want v0.3.1
2026-08-13T05:55:29.9435494Z [1m[92m  Downloaded[0m walkdir v2.5.0
2026-08-13T05:55:29.9449559Z [1m[92m  Downloaded[0m virtue v0.0.18
2026-08-13T05:55:29.9465691Z [1m[92m  Downloaded[0m version_check v0.9.5
2026-08-13T05:55:29.9474895Z [1m[92m  Downloaded[0m vaporetto v0.6.5
2026-08-13T05:55:29.9491371Z [1m[92m  Downloaded[0m ring v0.17.14
2026-08-13T05:55:29.9759153Z [1m[92m  Downloaded[0m validator_derive v0.20.0
2026-08-13T05:55:29.9771953Z [1m[92m  Downloaded[0m regex-syntax v0.8.10
2026-08-13T05:55:29.9825862Z [1m[92m  Downloaded[0m zstd-sys v2.0.16+zstd.1.5.7
2026-08-13T05:55:29.9944816Z [1m[92m  Downloaded[0m jiff v0.2.22
2026-08-13T05:55:30.0065411Z [1m[92m  Downloaded[0m zerofrom v0.1.6
2026-08-13T05:55:30.0073037Z [1m[92m  Downloaded[0m yoke-derive v0.8.1
2026-08-13T05:55:30.0081340Z [1m[92m  Downloaded[0m wyhash v0.5.0
2026-08-13T05:55:30.0092021Z [1m[92m  Downloaded[0m which v4.4.2
2026-08-13T05:55:30.0103831Z [1m[92m  Downloaded[0m uuid v1.23.2
2026-08-13T05:55:30.0134845Z [1m[92m  Downloaded[0m twox-hash v2.1.2
2026-08-13T05:55:30.0149802Z [1m[92m  Downloaded[0m tracing-log v0.2.0
2026-08-13T05:55:30.0161357Z [1m[92m  Downloaded[0m tracing-core v0.1.36
2026-08-13T05:55:30.0180294Z [1m[92m  Downloaded[0m tracing-appender v0.2.5
2026-08-13T05:55:30.0192232Z [1m[92m  Downloaded[0m toml_edit v0.23.10+spec-1.0.0
2026-08-13T05:55:30.0216303Z [1m[92m  Downloaded[0m utf8_iter v1.0.4
2026-08-13T05:55:30.0224775Z [1m[92m  Downloaded[0m urlencoding v2.1.3
2026-08-13T05:55:30.0232924Z [1m[92m  Downloaded[0m unwind-sys v0.1.4
2026-08-13T05:55:30.0240500Z [1m[92m  Downloaded[0m unwind v0.4.2
2026-08-13T05:55:30.0247871Z [1m[92m  Downloaded[0m unty v0.0.4
2026-08-13T05:55:30.0255741Z [1m[92m  Downloaded[0m unicode-ident v1.0.24
2026-08-13T05:55:30.0273436Z [1m[92m  Downloaded[0m unicase v2.9.0
2026-08-13T05:55:30.0284684Z [1m[92m  Downloaded[0m typetag-impl v0.2.21
2026-08-13T05:55:30.0293341Z [1m[92m  Downloaded[0m typetag v0.2.21
2026-08-13T05:55:30.0311098Z [1m[92m  Downloaded[0m try-lock v0.2.5
2026-08-13T05:55:30.0317820Z [1m[92m  Downloaded[0m tracing-serde v0.2.0
2026-08-13T05:55:30.0326401Z [1m[92m  Downloaded[0m tracing-attributes v0.1.31
2026-08-13T05:55:30.0343990Z [1m[92m  Downloaded[0m tower-service v0.3.3
2026-08-13T05:55:30.0351088Z [1m[92m  Downloaded[0m tower-layer v0.3.3
2026-08-13T05:55:30.0358390Z [1m[92m  Downloaded[0m tonic-reflection v0.14.6
2026-08-13T05:55:30.0371257Z [1m[92m  Downloaded[0m tonic-prost-build v0.14.6
2026-08-13T05:55:30.0380316Z [1m[92m  Downloaded[0m tonic-prost v0.14.6
2026-08-13T05:55:30.0387761Z [1m[92m  Downloaded[0m schemars v1.2.1
2026-08-13T05:55:30.0470899Z [1m[92m  Downloaded[0m schemars v0.9.0
2026-08-13T05:55:30.0542564Z [1m[92m  Downloaded[0m ruzstd v0.8.3
2026-08-13T05:55:30.0574175Z [1m[92m  Downloaded[0m linux-raw-sys v0.12.1
2026-08-13T05:55:30.1022740Z [1m[92m  Downloaded[0m rustls-webpki v0.103.13
2026-08-13T05:55:30.1046651Z [1m[92m  Downloaded[0m petgraph v0.6.5
2026-08-13T05:55:30.1157811Z [1m[92m  Downloaded[0m untrusted v0.9.0
2026-08-13T05:55:30.1169449Z [1m[92m  Downloaded[0m qdrant-rust-stemmers v1.2.2
2026-08-13T05:55:30.1460132Z [1m[92m  Downloaded[0m protobuf-build v0.15.1
2026-08-13T05:55:30.1688557Z [1m[92m  Downloaded[0m unit-prefix v0.5.2
2026-08-13T05:55:30.1696990Z [1m[92m  Downloaded[0m unicode-xid v0.2.6
2026-08-13T05:55:30.1705857Z [1m[92m  Downloaded[0m typeid v1.0.3
2026-08-13T05:55:30.1714970Z [1m[92m  Downloaded[0m typed-arena v2.0.2
2026-08-13T05:55:30.1723490Z [1m[92m  Downloaded[0m toml_parser v1.0.9+spec-1.1.0
2026-08-13T05:55:30.1739527Z [1m[92m  Downloaded[0m tokio-stream v0.1.18
2026-08-13T05:55:30.1765505Z [1m[92m  Downloaded[0m tinyvec v1.11.0
2026-08-13T05:55:30.1783410Z [1m[92m  Downloaded[0m time-macros v0.2.27
2026-08-13T05:55:30.1796842Z [1m[92m  Downloaded[0m tikv-jemalloc-ctl v0.6.1
2026-08-13T05:55:30.1808078Z [1m[92m  Downloaded[0m thread_local v1.1.9
2026-08-13T05:55:30.1817796Z [1m[92m  Downloaded[0m thread-priority v3.0.0
2026-08-13T05:55:30.1830817Z [1m[92m  Downloaded[0m thiserror-impl v1.0.69
2026-08-13T05:55:30.1839716Z [1m[92m  Downloaded[0m thiserror v2.0.18
2026-08-13T05:55:30.1871847Z [1m[92m  Downloaded[0m thiserror v1.0.69
2026-08-13T05:55:30.1899855Z [1m[92m  Downloaded[0m tempfile v3.27.0
2026-08-13T05:55:30.1915723Z [1m[92m  Downloaded[0m tap v1.0.1
2026-08-13T05:55:30.1923313Z [1m[92m  Downloaded[0m sys-info v0.9.1
2026-08-13T05:55:30.1933865Z [1m[92m  Downloaded[0m synstructure v0.13.2
2026-08-13T05:55:30.1941597Z [1m[92m  Downloaded[0m slog v2.8.2
2026-08-13T05:55:30.1962485Z [1m[92m  Downloaded[0m sharded-slab v0.1.7
2026-08-13T05:55:30.1983836Z [1m[92m  Downloaded[0m serde_json v1.0.150
2026-08-13T05:55:30.2027323Z [1m[92m  Downloaded[0m reqwest v0.12.28
2026-08-13T05:55:30.2064669Z [1m[92m  Downloaded[0m rand v0.9.2
2026-08-13T05:55:30.2090186Z [1m[92m  Downloaded[0m rand v0.8.5
2026-08-13T05:55:30.2113176Z [1m[92m  Downloaded[0m rand v0.7.3
2026-08-13T05:55:30.2143715Z [1m[92m  Downloaded[0m quinn-proto v0.11.14
2026-08-13T05:55:30.2189843Z [1m[92m  Downloaded[0m object v0.39.1
2026-08-13T05:55:30.2264464Z [1m[92m  Downloaded[0m toml_datetime v0.7.5+spec-1.1.0
2026-08-13T05:55:30.2274614Z [1m[92m  Downloaded[0m tokio-rustls v0.26.4
2026-08-13T05:55:30.2288860Z [1m[92m  Downloaded[0m tokio-macros v2.7.0
2026-08-13T05:55:30.2296779Z [1m[92m  Downloaded[0m tinyvec_macros v0.1.1
2026-08-13T05:55:30.2302856Z [1m[92m  Downloaded[0m tinystr v0.8.2
2026-08-13T05:55:30.2315147Z [1m[92m  Downloaded[0m time-core v0.1.8
2026-08-13T05:55:30.2324331Z [1m[92m  Downloaded[0m tikv-jemallocator v0.6.1
2026-08-13T05:55:30.2334657Z [1m[92m  Downloaded[0m thiserror-impl v2.0.18
2026-08-13T05:55:30.2344624Z [1m[92m  Downloaded[0m sync_wrapper v1.0.2
2026-08-13T05:55:30.2351073Z [1m[92m  Downloaded[0m socket2 v0.5.10
2026-08-13T05:55:30.2365483Z [1m[92m  Downloaded[0m smallvec v1.15.1
2026-08-13T05:55:30.2379888Z [1m[92m  Downloaded[0m slog-stdlog v4.1.1
2026-08-13T05:55:30.2389397Z [1m[92m  Downloaded[0m slog-scope v4.4.1
2026-08-13T05:55:30.2398527Z [1m[92m  Downloaded[0m slice-group-by v0.3.1
2026-08-13T05:55:30.2411235Z [1m[92m  Downloaded[0m slab v0.4.12
2026-08-13T05:55:30.2420304Z [1m[92m  Downloaded[0m siphasher v1.0.3
2026-08-13T05:55:30.2429318Z [1m[92m  Downloaded[0m siphasher v0.3.11
2026-08-13T05:55:30.2437346Z [1m[92m  Downloaded[0m simple_asn1 v0.6.4
2026-08-13T05:55:30.2446506Z [1m[92m  Downloaded[0m simd-adler32 v0.3.8
2026-08-13T05:55:30.2458889Z [1m[92m  Downloaded[0m signature v2.2.0
2026-08-13T05:55:30.2467831Z [1m[92m  Downloaded[0m signal-hook-registry v1.4.8
2026-08-13T05:55:30.2476635Z [1m[92m  Downloaded[0m sif-itree v0.4.1
2026-08-13T05:55:30.2485018Z [1m[92m  Downloaded[0m shlex v2.0.1
2026-08-13T05:55:30.2494663Z [1m[92m  Downloaded[0m sha2 v0.11.0
2026-08-13T05:55:30.2515869Z [1m[92m  Downloaded[0m sha2 v0.10.9
2026-08-13T05:55:30.2530481Z [1m[92m  Downloaded[0m jieba-rs v0.8.1
2026-08-13T05:55:30.2946923Z [1m[92m  Downloaded[0m sha1 v0.11.0
2026-08-13T05:55:30.2958768Z [1m[92m  Downloaded[0m serial_test_derive v3.5.0
2026-08-13T05:55:30.2965893Z [1m[92m  Downloaded[0m serial_test v3.5.0
2026-08-13T05:55:30.2975654Z [1m[92m  Downloaded[0m serde_with_macros v3.20.0
2026-08-13T05:55:30.2989455Z [1m[92m  Downloaded[0m serde_variant v0.1.3
2026-08-13T05:55:30.2996889Z [1m[92m  Downloaded[0m serde_urlencoded v0.7.1
2026-08-13T05:55:30.3007700Z [1m[92m  Downloaded[0m serde_repr v0.1.20
2026-08-13T05:55:30.3019143Z [1m[92m  Downloaded[0m serde_qs v0.13.0
2026-08-13T05:55:30.3037189Z [1m[92m  Downloaded[0m serde v1.0.228
2026-08-13T05:55:30.3059263Z [1m[92m  Downloaded[0m roaring v0.11.4
2026-08-13T05:55:30.3097565Z [1m[92m  Downloaded[0m reqwest v0.13.4
2026-08-13T05:55:30.3134849Z [1m[92m  Downloaded[0m regex-lite v0.1.9
2026-08-13T05:55:30.3153593Z [1m[92m  Downloaded[0m rayon v1.12.0
2026-08-13T05:55:30.3207732Z [1m[92m  Downloaded[0m rand v0.10.1
2026-08-13T05:55:30.3233480Z [1m[92m  Downloaded[0m portable-atomic v1.13.1
2026-08-13T05:55:30.3278941Z [1m[92m  Downloaded[0m object_store v0.13.2
2026-08-13T05:55:30.3328932Z [1m[92m  Downloaded[0m object v0.37.3
2026-08-13T05:55:30.3398510Z [1m[92m  Downloaded[0m symbolic-common v13.1.1
2026-08-13T05:55:30.3408084Z [1m[92m  Downloaded[0m subtle v2.6.1
2026-08-13T05:55:30.3416458Z [1m[92m  Downloaded[0m strum_macros v0.28.0
2026-08-13T05:55:30.3430319Z [1m[92m  Downloaded[0m strum v0.28.0
2026-08-13T05:55:30.3437288Z [1m[92m  Downloaded[0m strsim v0.11.1
2026-08-13T05:55:30.3445917Z [1m[92m  Downloaded[0m strsim v0.10.0
2026-08-13T05:55:30.3455136Z [1m[92m  Downloaded[0m stable_deref_trait v1.2.1
2026-08-13T05:55:30.3460910Z [1m[92m  Downloaded[0m spin v0.12.0
2026-08-13T05:55:30.3475361Z [1m[92m  Downloaded[0m i_key_sort v0.10.1
2026-08-13T05:55:30.3789563Z [1m[92m  Downloaded[0m spin v0.9.8
2026-08-13T05:55:30.3805236Z [1m[92m  Downloaded[0m socket2 v0.6.3
2026-08-13T05:55:30.3819195Z [1m[92m  Downloaded[0m serde_derive v1.0.228
2026-08-13T05:55:30.3838056Z [1m[92m  Downloaded[0m serde_core v1.0.228
2026-08-13T05:55:30.3856316Z [1m[92m  Downloaded[0m serde_cbor v0.11.2
2026-08-13T05:55:30.3873553Z [1m[92m  Downloaded[0m serde-untagged v0.1.9
2026-08-13T05:55:30.3883815Z [1m[92m  Downloaded[0m seedable_hash v0.1.7
2026-08-13T05:55:30.3889757Z [1m[92m  Downloaded[0m sec1 v0.7.3
2026-08-13T05:55:30.3900285Z [1m[92m  Downloaded[0m schemars_derive v0.8.22
2026-08-13T05:55:30.3909832Z [1m[92m  Downloaded[0m schemars v0.8.22
2026-08-13T05:55:30.3971475Z [1m[92m  Downloaded[0m same-file v1.0.6
2026-08-13T05:55:30.3979775Z [1m[92m  Downloaded[0m ryu v1.0.23
2026-08-13T05:55:30.3999455Z [1m[92m  Downloaded[0m rustls-platform-verifier v0.6.2
2026-08-13T05:55:30.4021975Z [1m[92m  Downloaded[0m rustls-pki-types v1.14.1
2026-08-13T05:55:30.4038310Z [1m[92m  Downloaded[0m rustls-pemfile v2.2.0
2026-08-13T05:55:30.4051959Z [1m[92m  Downloaded[0m rsa v0.9.10
2026-08-13T05:55:30.4081672Z [1m[92m  Downloaded[0m regex v1.12.3
2026-08-13T05:55:30.4116406Z [1m[92m  Downloaded[0m rayon-core v1.13.0
2026-08-13T05:55:30.4138918Z [1m[92m  Downloaded[0m rand_distr v0.6.0
2026-08-13T05:55:30.4160493Z [1m[92m  Downloaded[0m quinn v0.11.9
2026-08-13T05:55:30.4182144Z [1m[92m  Downloaded[0m quick-xml v0.39.2
2026-08-13T05:55:30.4221489Z [1m[92m  Downloaded[0m pulldown-cmark v0.13.4
2026-08-13T05:55:30.4256232Z [1m[92m  Downloaded[0m procfs-core v0.18.0
2026-08-13T05:55:30.4278535Z [1m[92m  Downloaded[0m nix v0.26.4
2026-08-13T05:55:30.4339973Z [1m[92m  Downloaded[0m nix v0.25.1
2026-08-13T05:55:30.4401018Z [1m[92m  Downloaded[0m serde_plain v1.0.2
2026-08-13T05:55:30.4410032Z [1m[92m  Downloaded[0m serde_derive_internals v0.29.1
2026-08-13T05:55:30.4420296Z [1m[92m  Downloaded[0m serde-value v0.7.0
2026-08-13T05:55:30.4426585Z [1m[92m  Downloaded[0m semver v1.0.28
2026-08-13T05:55:30.4440912Z [1m[92m  Downloaded[0m self_cell v1.2.2
2026-08-13T05:55:30.4448516Z [1m[92m  Downloaded[0m scopeguard v1.2.0
2026-08-13T05:55:30.4456228Z [1m[92m  Downloaded[0m rustversion v1.0.22
2026-08-13T05:55:30.4471945Z [1m[92m  Downloaded[0m rustls-native-certs v0.8.3
2026-08-13T05:55:30.4485916Z [1m[92m  Downloaded[0m rstar v0.12.2
2026-08-13T05:55:30.4502266Z [1m[92m  Downloaded[0m rmp-serde v1.3.1
2026-08-13T05:55:30.4514272Z [1m[92m  Downloaded[0m rle-decode-fast v1.0.3
2026-08-13T05:55:30.4525420Z [1m[92m  Downloaded[0m ringbuffer v0.16.0
2026-08-13T05:55:30.4538545Z [1m[92m  Downloaded[0m ref-cast-impl v1.0.25
2026-08-13T05:55:30.4544649Z [1m[92m  Downloaded[0m rand_core v0.9.5
2026-08-13T05:55:30.4554193Z [1m[92m  Downloaded[0m rand_core v0.6.4
2026-08-13T05:55:30.4563009Z [1m[92m  Downloaded[0m rand_core v0.5.1
2026-08-13T05:55:30.4571934Z [1m[92m  Downloaded[0m rand_chacha v0.9.0
2026-08-13T05:55:30.4580179Z [1m[92m  Downloaded[0m rand_chacha v0.2.2
2026-08-13T05:55:30.4587344Z [1m[92m  Downloaded[0m quinn-udp v0.5.14
2026-08-13T05:55:30.4599575Z [1m[92m  Downloaded[0m pyroscope v2.0.6
2026-08-13T05:55:30.4629739Z [1m[92m  Downloaded[0m prometheus v0.14.0
2026-08-13T05:55:30.4658295Z [1m[92m  Downloaded[0m procfs v0.18.0
2026-08-13T05:55:30.4683725Z [1m[92m  Downloaded[0m prettyplease v0.2.37
2026-08-13T05:55:30.4704961Z [1m[92m  Downloaded[0m mio v1.2.0
2026-08-13T05:55:30.4739355Z [1m[92m  Downloaded[0m memchr v2.8.0
2026-08-13T05:55:30.4770892Z [1m[92m  Downloaded[0m fst v0.4.7
2026-08-13T05:55:30.4960619Z [1m[92m  Downloaded[0m rustc-hash v2.1.1
2026-08-13T05:55:30.4969969Z [1m[92m  Downloaded[0m rustc-demangle v0.1.27
2026-08-13T05:55:30.4981227Z [1m[92m  Downloaded[0m rstack-self v0.3.0
2026-08-13T05:55:30.4987639Z [1m[92m  Downloaded[0m rstack v0.3.3
2026-08-13T05:55:30.4994992Z [1m[92m  Downloaded[0m rmp v0.8.15
2026-08-13T05:55:30.5015654Z [1m[92m  Downloaded[0m rfc6979 v0.4.0
2026-08-13T05:55:30.5022568Z [1m[92m  Downloaded[0m ref-cast v1.0.25
2026-08-13T05:55:30.5037784Z [1m[92m  Downloaded[0m rand_core v0.10.0
2026-08-13T05:55:30.5047964Z [1m[92m  Downloaded[0m rand_chacha v0.3.1
2026-08-13T05:55:30.5055445Z [1m[92m  Downloaded[0m radium v0.7.0
2026-08-13T05:55:30.5062819Z [1m[92m  Downloaded[0m quote v1.0.45
2026-08-13T05:55:30.5078114Z [1m[92m  Downloaded[0m quick_cache v0.6.22
2026-08-13T05:55:30.5095453Z [1m[92m  Downloaded[0m pulldown-cmark-to-cmark v22.0.0
2026-08-13T05:55:30.5105684Z [1m[92m  Downloaded[0m prost-wkt-types v0.7.1
2026-08-13T05:55:30.5117487Z [1m[92m  Downloaded[0m prost-types v0.14.3
2026-08-13T05:55:30.5129641Z [1m[92m  Downloaded[0m prost-types v0.11.9
2026-08-13T05:55:30.5139637Z [1m[92m  Downloaded[0m prost-derive v0.14.3
2026-08-13T05:55:30.5147696Z [1m[92m  Downloaded[0m prost-build v0.14.3
2026-08-13T05:55:30.5168167Z [1m[92m  Downloaded[0m prost-build v0.11.9
2026-08-13T05:55:30.5184216Z [1m[92m  Downloaded[0m prost v0.11.9
2026-08-13T05:55:30.5197466Z [1m[92m  Downloaded[0m proc-macro2 v1.0.106
2026-08-13T05:55:30.5215322Z [1m[92m  Downloaded[0m proc-macro-error2 v2.0.1
2026-08-13T05:55:30.5233064Z [1m[92m  Downloaded[0m polling v3.11.0
2026-08-13T05:55:30.5251865Z [1m[92m  Downloaded[0m pkcs1 v0.7.5
2026-08-13T05:55:30.5266130Z [1m[92m  Downloaded[0m pin-project v1.1.11
2026-08-13T05:55:30.5329478Z [1m[92m  Downloaded[0m p384 v0.13.1
2026-08-13T05:55:30.5363793Z [1m[92m  Downloaded[0m nix v0.31.3
2026-08-13T05:55:30.5436389Z [1m[92m  Downloaded[0m miniz_oxide v0.8.9
2026-08-13T05:55:30.5454067Z [1m[92m  Downloaded[0m libm v0.2.16
2026-08-13T05:55:30.5510838Z [1m[92m  Downloaded[0m jieba-macros v0.8.1
2026-08-13T05:55:30.5534806Z [1m[92m  Downloaded[0m itertools v0.14.0
2026-08-13T05:55:30.5576460Z [1m[92m  Downloaded[0m itertools v0.10.5
2026-08-13T05:55:30.5612999Z [1m[92m  Downloaded[0m iri-string v0.7.10
2026-08-13T05:55:30.5655921Z [1m[92m  Downloaded[0m irg-kvariants v0.1.1
2026-08-13T05:55:30.5675408Z [1m[92m  Downloaded[0m indicatif v0.18.4
2026-08-13T05:55:30.5698313Z [1m[92m  Downloaded[0m idna v1.1.0
2026-08-13T05:55:30.5725064Z [1m[92m  Downloaded[0m encoding_rs v0.8.35
2026-08-13T05:55:30.5885807Z [1m[92m  Downloaded[0m prost-wkt-build v0.7.1
2026-08-13T05:55:30.5891810Z [1m[92m  Downloaded[0m prost-wkt v0.7.1
2026-08-13T05:55:30.5897467Z [1m[92m  Downloaded[0m prost-derive v0.11.9
2026-08-13T05:55:30.5906228Z [1m[92m  Downloaded[0m prost v0.14.3
2026-08-13T05:55:30.5917361Z [1m[92m  Downloaded[0m proc-macro2-diagnostics v0.10.1
2026-08-13T05:55:30.5927166Z [1m[92m  Downloaded[0m proc-macro-error-attr2 v2.0.0
2026-08-13T05:55:30.5933356Z [1m[92m  Downloaded[0m proc-macro-crate v3.4.0
2026-08-13T05:55:30.5942547Z [1m[92m  Downloaded[0m primeorder v0.13.6
2026-08-13T05:55:30.5951429Z [1m[92m  Downloaded[0m prettyplease v0.1.25
2026-08-13T05:55:30.5969674Z [1m[92m  Downloaded[0m ppv-lite86 v0.2.21
2026-08-13T05:55:30.5977562Z [1m[92m  Downloaded[0m pprof_util v0.8.2
2026-08-13T05:55:30.5984397Z [1m[92m  Downloaded[0m powerfmt v0.2.0
2026-08-13T05:55:30.5992207Z [1m[92m  Downloaded[0m potential_utf v0.1.4
2026-08-13T05:55:30.5998777Z [1m[92m  Downloaded[0m pkg-config v0.3.32
2026-08-13T05:55:30.6008254Z [1m[92m  Downloaded[0m pkcs8 v0.10.2
2026-08-13T05:55:30.6024156Z [1m[92m  Downloaded[0m piper v0.2.5
2026-08-13T05:55:30.6035147Z [1m[92m  Downloaded[0m pin-project-lite v0.2.17
2026-08-13T05:55:30.6065299Z [1m[92m  Downloaded[0m pin-project-internal v1.1.11
2026-08-13T05:55:30.6075833Z [1m[92m  Downloaded[0m phf_shared v0.13.1
2026-08-13T05:55:30.6083506Z [1m[92m  Downloaded[0m phf_generator v0.13.1
2026-08-13T05:55:30.6091807Z [1m[92m  Downloaded[0m phf_codegen v0.13.1
2026-08-13T05:55:30.6098303Z [1m[92m  Downloaded[0m phf v0.13.1
2026-08-13T05:55:30.6106935Z [1m[92m  Downloaded[0m ph v0.8.5
2026-08-13T05:55:30.6118040Z [1m[92m  Downloaded[0m num-bigint-dig v0.8.6
2026-08-13T05:55:30.6147746Z [1m[92m  Downloaded[0m num-bigint v0.4.6
2026-08-13T05:55:30.6176710Z [1m[92m  Downloaded[0m nom v8.0.0
2026-08-13T05:55:30.6209560Z [1m[92m  Downloaded[0m indexmap v2.14.0
2026-08-13T05:55:30.6236819Z [1m[92m  Downloaded[0m icu_properties_data v2.1.2
2026-08-13T05:55:30.6291357Z [1m[92m  Downloaded[0m i_overlay v4.5.1
2026-08-13T05:55:30.6402688Z [1m[92m  Downloaded[0m csv v1.4.0
2026-08-13T05:55:30.6543909Z [1m[92m  Downloaded[0m charabia v0.9.9
2026-08-13T05:55:30.6666716Z [1m[92m  Downloaded[0m percent-encoding v2.3.2
2026-08-13T05:55:30.6673855Z [1m[92m  Downloaded[0m pem-rfc7468 v0.7.0
2026-08-13T05:55:30.6707712Z [1m[92m  Downloaded[0m pem v3.0.6
2026-08-13T05:55:30.6717453Z [1m[92m  Downloaded[0m pe-unwind-info v0.6.0
2026-08-13T05:55:30.6725732Z [1m[92m  Downloaded[0m pathdiff v0.2.3
2026-08-13T05:55:30.6732368Z [1m[92m  Downloaded[0m path_facts v0.2.1
2026-08-13T05:55:30.6744384Z [1m[92m  Downloaded[0m paste v1.0.15
2026-08-13T05:55:30.6761145Z [1m[92m  Downloaded[0m parse-size v1.1.0
2026-08-13T05:55:30.6767032Z [1m[92m  Downloaded[0m parking_lot_core v0.9.12
2026-08-13T05:55:30.6779842Z [1m[92m  Downloaded[0m parking_lot v0.12.5
2026-08-13T05:55:30.6795976Z [1m[92m  Downloaded[0m parking v2.2.1
2026-08-13T05:55:30.6803391Z [1m[92m  Downloaded[0m p256 v0.13.2
2026-08-13T05:55:30.6823807Z [1m[92m  Downloaded[0m ordered-stream v0.2.0
2026-08-13T05:55:30.6831294Z [1m[92m  Downloaded[0m ordered-float v5.3.0
2026-08-13T05:55:30.6842540Z [1m[92m  Downloaded[0m ordered-float v2.10.1
2026-08-13T05:55:30.6851272Z [1m[92m  Downloaded[0m openssl-probe v0.2.1
2026-08-13T05:55:30.6858659Z [1m[92m  Downloaded[0m once_cell v1.21.4
2026-08-13T05:55:30.6873462Z [1m[92m  Downloaded[0m num_cpus v1.17.0
2026-08-13T05:55:30.6890377Z [1m[92m  Downloaded[0m num-traits v0.2.19
2026-08-13T05:55:30.6906029Z [1m[92m  Downloaded[0m num-rational v0.4.2
2026-08-13T05:55:30.6915324Z [1m[92m  Downloaded[0m num-iter v0.1.45
2026-08-13T05:55:30.6921834Z [1m[92m  Downloaded[0m num-integer v0.1.46
2026-08-13T05:55:30.6931516Z [1m[92m  Downloaded[0m num-derive v0.4.2
2026-08-13T05:55:30.6941755Z [1m[92m  Downloaded[0m murmur3_32 v0.1.0
2026-08-13T05:55:30.6950136Z [1m[92m  Downloaded[0m multimap v0.10.1
2026-08-13T05:55:30.6956588Z [1m[92m  Downloaded[0m multimap v0.8.3
2026-08-13T05:55:30.6962932Z [1m[92m  Downloaded[0m mime_guess v2.0.5
2026-08-13T05:55:30.6973597Z [1m[92m  Downloaded[0m mime v0.3.17
2026-08-13T05:55:30.6981534Z [1m[92m  Downloaded[0m memmap2 v0.9.10
2026-08-13T05:55:30.6992571Z [1m[92m  Downloaded[0m md-5 v0.10.6
2026-08-13T05:55:30.7001665Z [1m[92m  Downloaded[0m matchit v0.8.4
2026-08-13T05:55:30.7014919Z [1m[92m  Downloaded[0m matchers v0.2.0
2026-08-13T05:55:30.7021490Z [1m[92m  Downloaded[0m mappings v0.7.2
2026-08-13T05:55:30.7026998Z [1m[92m  Downloaded[0m macro_rules_attribute-proc_macro v0.2.2
2026-08-13T05:55:30.7032451Z [1m[92m  Downloaded[0m macro_rules_attribute v0.2.2
2026-08-13T05:55:30.7042187Z [1m[92m  Downloaded[0m libflate v2.3.0
2026-08-13T05:55:30.7056687Z [1m[92m  Downloaded[0m jsonwebtoken v10.4.0
2026-08-13T05:55:30.7084434Z [1m[92m  Downloaded[0m jemalloc_pprof v0.8.2
2026-08-13T05:55:30.7094653Z [1m[92m  Downloaded[0m icu_normalizer_data v2.1.1
2026-08-13T05:55:30.7109382Z [1m[92m  Downloaded[0m icu_normalizer v2.1.1
2026-08-13T05:55:30.7130660Z [1m[92m  Downloaded[0m icu_locale_core v2.1.1
2026-08-13T05:55:30.7165508Z [1m[92m  Downloaded[0m num-complex v0.4.6
2026-08-13T05:55:30.7175239Z [1m[92m  Downloaded[0m num-cmp v0.1.0
2026-08-13T05:55:30.7181323Z [1m[92m  Downloaded[0m nu-ansi-term v0.50.3
2026-08-13T05:55:30.7194726Z [1m[92m  Downloaded[0m nodrop v0.1.14
2026-08-13T05:55:30.7200407Z [1m[92m  Downloaded[0m no_std_io2 v0.9.3
2026-08-13T05:55:30.7212544Z [1m[92m  Downloaded[0m local-waker v0.1.4
2026-08-13T05:55:30.7217702Z [1m[92m  Downloaded[0m local-channel v0.1.5
2026-08-13T05:55:30.7223324Z [1m[92m  Downloaded[0m litemap v0.8.1
2026-08-13T05:55:30.7237144Z [1m[92m  Downloaded[0m libflate_lz77 v2.3.0
2026-08-13T05:55:30.7242939Z [1m[92m  Downloaded[0m lazy_static v1.5.0
2026-08-13T05:55:30.7253171Z [1m[92m  Downloaded[0m language-tags v0.3.2
2026-08-13T05:55:30.7266897Z [1m[92m  Downloaded[0m jobserver v0.1.34
2026-08-13T05:55:30.7279378Z [1m[92m  Downloaded[0m itoa v1.0.17
2026-08-13T05:55:30.7288181Z [1m[92m  Downloaded[0m is_terminal_polyfill v1.70.2
2026-08-13T05:55:30.7294678Z [1m[92m  Downloaded[0m ipnet v2.12.0
2026-08-13T05:55:30.7306080Z [1m[92m  Downloaded[0m io-uring v0.7.12
2026-08-13T05:55:30.7329674Z [1m[92m  Downloaded[0m integer-encoding v4.1.0
2026-08-13T05:55:30.7340638Z [1m[92m  Downloaded[0m include-flate-compress v0.3.3
2026-08-13T05:55:30.7345309Z [1m[92m  Downloaded[0m include-flate-codegen v0.3.3
2026-08-13T05:55:30.7350114Z [1m[92m  Downloaded[0m impl-more v0.1.9
2026-08-13T05:55:30.7362361Z [1m[92m  Downloaded[0m hyper-util v0.1.20
2026-08-13T05:55:30.7398504Z [1m[92m  Downloaded[0m h2 v0.4.14
2026-08-13T05:55:30.7438764Z [1m[92m  Downloaded[0m h2 v0.3.27
2026-08-13T05:55:30.7477470Z [1m[92m  Downloaded[0m earcut v0.4.5
2026-08-13T05:55:30.7564077Z [1m[92m  Downloaded[0m curve25519-dalek v4.1.3
2026-08-13T05:55:30.7621257Z [1m[92m  Downloaded[0m brotli v8.0.2
2026-08-13T05:55:30.7729933Z [1m[92m  Downloaded[0m protobuf-src v1.1.0+21.5
2026-08-13T05:55:30.8775072Z [1m[92m  Downloaded[0m aws-lc-sys v0.39.1
2026-08-13T05:55:31.0376236Z [1m[92m  Downloaded[0m macho-unwind-info v0.5.0
2026-08-13T05:55:31.0387344Z [1m[92m  Downloaded[0m lz4_flex v0.13.1
2026-08-13T05:55:31.0400101Z [1m[92m  Downloaded[0m log v0.4.31
2026-08-13T05:55:31.0415471Z [1m[92m  Downloaded[0m lock_api v0.4.14
2026-08-13T05:55:31.0423948Z [1m[92m  Downloaded[0m indexmap v1.9.3
2026-08-13T05:55:31.0442547Z [1m[92m  Downloaded[0m include-flate v0.3.3
2026-08-13T05:55:31.0447634Z [1m[92m  Downloaded[0m idna_adapter v1.2.1
2026-08-13T05:55:31.0453240Z [1m[92m  Downloaded[0m ident_case v1.0.1
2026-08-13T05:55:31.0457968Z [1m[92m  Downloaded[0m icu_provider v2.1.1
2026-08-13T05:55:31.0473443Z [1m[92m  Downloaded[0m icu_properties v2.1.2
2026-08-13T05:55:31.0487756Z [1m[92m  Downloaded[0m icu_collections v2.1.1
2026-08-13T05:55:31.0521029Z [1m[92m  Downloaded[0m iana-time-zone v0.1.65
2026-08-13T05:55:31.0536200Z [1m[92m  Downloaded[0m i_float v1.16.0
2026-08-13T05:55:31.0548209Z [1m[92m  Downloaded[0m hyper v1.9.0
2026-08-13T05:55:31.0588241Z [1m[92m  Downloaded[0m heapless v0.8.0
2026-08-13T05:55:31.0610505Z [1m[92m  Downloaded[0m half v2.7.1
2026-08-13T05:55:31.0626876Z [1m[92m  Downloaded[0m gimli v0.33.0
2026-08-13T05:55:31.0680394Z [1m[92m  Downloaded[0m gimli v0.32.3
2026-08-13T05:55:31.0729113Z [1m[92m  Downloaded[0m getrandom v0.3.4
2026-08-13T05:55:31.0748972Z [1m[92m  Downloaded[0m geo v0.33.1
2026-08-13T05:55:31.0859180Z [1m[92m  Downloaded[0m futures-channel v0.3.32
2026-08-13T05:55:31.0870810Z [1m[92m  Downloaded[0m futures v0.3.32
2026-08-13T05:55:31.0897699Z [1m[92m  Downloaded[0m fs4 v1.1.0
2026-08-13T05:55:31.0920466Z [1m[92m  Downloaded[0m framehop v0.16.0
2026-08-13T05:55:31.0940951Z [1m[92m  Downloaded[0m flate2 v1.1.9
2026-08-13T05:55:31.0967832Z [1m[92m  Downloaded[0m fallible-iterator v0.3.0
2026-08-13T05:55:31.0975432Z [1m[92m  Downloaded[0m elliptic-curve v0.13.8
2026-08-13T05:55:31.0997454Z [1m[92m  Downloaded[0m ed25519-dalek v2.2.0
2026-08-13T05:55:31.1017361Z [1m[92m  Downloaded[0m derive_more-impl v2.1.1
2026-08-13T05:55:31.1047960Z [1m[92m  Downloaded[0m derive_more v2.1.1
2026-08-13T05:55:31.1111133Z [1m[92m  Downloaded[0m derive_more v0.99.20
2026-08-13T05:55:31.1136711Z [1m[92m  Downloaded[0m der v0.7.10
2026-08-13T05:55:31.1166428Z [1m[92m  Downloaded[0m dashmap v6.2.1
2026-08-13T05:55:31.1180325Z [1m[92m  Downloaded[0m darling_core v0.23.0
2026-08-13T05:55:31.1209683Z [1m[92m  Downloaded[0m darling_core v0.20.11
2026-08-13T05:55:31.1236170Z [1m[92m  Downloaded[0m darling v0.23.0
2026-08-13T05:55:31.1263806Z [1m[92m  Downloaded[0m darling v0.20.11
2026-08-13T05:55:31.1289173Z [1m[92m  Downloaded[0m crypto-bigint v0.5.5
2026-08-13T05:55:31.1325893Z [1m[92m  Downloaded[0m crossbeam-utils v0.8.21
2026-08-13T05:55:31.1341003Z [1m[92m  Downloaded[0m crossbeam-epoch v0.9.18
2026-08-13T05:55:31.1355293Z [1m[92m  Downloaded[0m chrono v0.4.44
2026-08-13T05:55:31.1399872Z [1m[92m  Downloaded[0m bitvec v1.0.1
2026-08-13T05:55:31.2115836Z [1m[92m  Downloaded[0m aws-lc-rs v1.16.2
2026-08-13T05:55:31.2174840Z [1m[92m  Downloaded[0m inventory v0.3.22
2026-08-13T05:55:31.2186712Z [1m[92m  Downloaded[0m i_tree v0.18.0
2026-08-13T05:55:31.2200737Z [1m[92m  Downloaded[0m i_shape v1.18.0
2026-08-13T05:55:31.2219912Z [1m[92m  Downloaded[0m hyper-timeout v0.5.2
2026-08-13T05:55:31.2227069Z [1m[92m  Downloaded[0m http v1.4.1
2026-08-13T05:55:31.2250302Z [1m[92m  Downloaded[0m http v0.2.12
2026-08-13T05:55:31.2272044Z [1m[92m  Downloaded[0m hkdf v0.12.4
2026-08-13T05:55:31.2292272Z [1m[92m  Downloaded[0m heck v0.5.0
2026-08-13T05:55:31.2299360Z [1m[92m  Downloaded[0m hashbrown v0.17.0
2026-08-13T05:55:31.2333105Z [1m[92m  Downloaded[0m hashbrown v0.16.1
2026-08-13T05:55:31.2366355Z [1m[92m  Downloaded[0m hashbrown v0.15.5
2026-08-13T05:55:31.2397486Z [1m[92m  Downloaded[0m hashbrown v0.14.5
2026-08-13T05:55:31.2428665Z [1m[92m  Downloaded[0m hashbrown v0.12.3
2026-08-13T05:55:31.2452519Z [1m[92m  Downloaded[0m half v1.8.3
2026-08-13T05:55:31.2465609Z [1m[92m  Downloaded[0m group v0.13.0
2026-08-13T05:55:31.2474401Z [1m[92m  Downloaded[0m getrandom v0.2.17
2026-08-13T05:55:31.2490668Z [1m[92m  Downloaded[0m futures-util v0.3.32
2026-08-13T05:55:31.2558242Z [1m[92m  Downloaded[0m futures-lite v2.6.1
2026-08-13T05:55:31.2569870Z [1m[92m  Downloaded[0m futures-executor v0.3.32
2026-08-13T05:55:31.2577976Z [1m[92m  Downloaded[0m fs_extra v1.3.0
2026-08-13T05:55:31.2587750Z [1m[92m  Downloaded[0m fs-err v3.3.0
2026-08-13T05:55:31.2598554Z [1m[92m  Downloaded[0m foldhash v0.2.0
2026-08-13T05:55:31.2606533Z [1m[92m  Downloaded[0m foldhash v0.1.5
2026-08-13T05:55:31.2614150Z [1m[92m  Downloaded[0m float_next_after v2.0.0
2026-08-13T05:55:31.2621718Z [1m[92m  Downloaded[0m fixedbitset v0.5.7
2026-08-13T05:55:31.2632422Z [1m[92m  Downloaded[0m findshlibs v0.10.2
2026-08-13T05:55:31.2642773Z [1m[92m  Downloaded[0m find-msvc-tools v0.1.9
2026-08-13T05:55:31.2652272Z [1m[92m  Downloaded[0m filetime v0.2.27
2026-08-13T05:55:31.2661228Z [1m[92m  Downloaded[0m ff v0.13.1
2026-08-13T05:55:31.2670005Z [1m[92m  Downloaded[0m event-listener-strategy v0.5.4
2026-08-13T05:55:31.2676861Z [1m[92m  Downloaded[0m event-listener v5.4.1
2026-08-13T05:55:31.2689545Z [1m[92m  Downloaded[0m erased-serde v0.4.10
2026-08-13T05:55:31.2703340Z [1m[92m  Downloaded[0m erased-serde v0.3.31
2026-08-13T05:55:31.2716019Z [1m[92m  Downloaded[0m env_logger v0.11.10
2026-08-13T05:55:31.2729081Z [1m[92m  Downloaded[0m ecow v0.3.0
2026-08-13T05:55:31.2742197Z [1m[92m  Downloaded[0m duplicate v2.0.1
2026-08-13T05:55:31.2784482Z [1m[92m  Downloaded[0m docopt v1.1.1
2026-08-13T05:55:31.2797411Z [1m[92m  Downloaded[0m digest v0.11.2
2026-08-13T05:55:31.2810344Z [1m[92m  Downloaded[0m digest v0.10.7
2026-08-13T05:55:31.2820544Z [1m[92m  Downloaded[0m deranged v0.5.8
2026-08-13T05:55:31.2830014Z [1m[92m  Downloaded[0m data-encoding v2.11.0
2026-08-13T05:55:31.2836530Z [1m[92m  Downloaded[0m dary_heap v0.3.8
2026-08-13T05:55:31.2843714Z [1m[92m  Downloaded[0m daachorse v1.0.0
2026-08-13T05:55:31.2859171Z [1m[92m  Downloaded[0m csv-core v0.1.13
2026-08-13T05:55:31.2867050Z [1m[92m  Downloaded[0m crossbeam-deque v0.8.6
2026-08-13T05:55:31.2875451Z [1m[92m  Downloaded[0m clap_builder v4.6.0
2026-08-13T05:55:31.2914713Z [1m[92m  Downloaded[0m brotli-decompressor v5.0.0
2026-08-13T05:55:31.2953707Z [1m[92m  Downloaded[0m axum v0.8.8
2026-08-13T05:55:31.3002345Z [1m[92m  Downloaded[0m aho-corasick v1.1.4
2026-08-13T05:55:31.3036704Z [1m[92m  Downloaded[0m actix-web v4.13.0
2026-08-13T05:55:31.3102318Z [1m[92m  Downloaded[0m hybrid-array v0.4.9
2026-08-13T05:55:31.3115079Z [1m[92m  Downloaded[0m humantime v2.3.0
2026-08-13T05:55:31.3124526Z [1m[92m  Downloaded[0m httparse v1.10.1
2026-08-13T05:55:31.3139162Z [1m[92m  Downloaded[0m heck v0.4.1
2026-08-13T05:55:31.3146092Z [1m[92m  Downloaded[0m hashring v0.3.6
2026-08-13T05:55:31.3151429Z [1m[92m  Downloaded[0m getset v0.1.6
2026-08-13T05:55:31.3159650Z [1m[92m  Downloaded[0m geohash v0.13.2
2026-08-13T05:55:31.3177511Z [1m[92m  Downloaded[0m futures-sink v0.3.32
2026-08-13T05:55:31.3182833Z [1m[92m  Downloaded[0m futures-io v0.3.32
2026-08-13T05:55:31.3187883Z [1m[92m  Downloaded[0m funty v2.0.0
2026-08-13T05:55:31.3192834Z [1m[92m  Downloaded[0m form_urlencoded v1.2.2
2026-08-13T05:55:31.3197428Z [1m[92m  Downloaded[0m foreign-types-shared v0.3.1
2026-08-13T05:55:31.3201606Z [1m[92m  Downloaded[0m fastrand v2.3.0
2026-08-13T05:55:31.3208923Z [1m[92m  Downloaded[0m faccess v0.2.4
2026-08-13T05:55:31.3214537Z [1m[92m  Downloaded[0m equivalent v1.0.2
2026-08-13T05:55:31.3220054Z [1m[92m  Downloaded[0m equator-macro v0.4.2
2026-08-13T05:55:31.3224436Z [1m[92m  Downloaded[0m equator v0.4.2
2026-08-13T05:55:31.3231855Z [1m[92m  Downloaded[0m enumflags2_derive v0.7.12
2026-08-13T05:55:31.3236503Z [1m[92m  Downloaded[0m enumflags2 v0.7.12
2026-08-13T05:55:31.3244007Z [1m[92m  Downloaded[0m endi v1.1.1
2026-08-13T05:55:31.3250037Z [1m[92m  Downloaded[0m dyn_size_of v0.4.5
2026-08-13T05:55:31.3254024Z [1m[92m  Downloaded[0m cgroups-rs v0.5.0
2026-08-13T05:55:31.3283851Z [1m[92m  Downloaded[0m cc v1.2.63
2026-08-13T05:55:31.3303485Z [1m[92m  Downloaded[0m bytes v1.11.1
2026-08-13T05:55:31.3327801Z [1m[92m  Downloaded[0m bincode v2.0.1
2026-08-13T05:55:31.3355606Z [1m[92m  Downloaded[0m base64 v0.22.1
2026-08-13T05:55:31.3377727Z [1m[92m  Downloaded[0m backtrace v0.3.76
2026-08-13T05:55:31.3406097Z [1m[92m  Downloaded[0m arc-swap v1.9.1
2026-08-13T05:55:31.3428927Z [1m[92m  Downloaded[0m http-serde v2.1.1
2026-08-13T05:55:31.3434208Z [1m[92m  Downloaded[0m http-range v0.1.5
2026-08-13T05:55:31.3440551Z [1m[92m  Downloaded[0m http-body-util v0.1.3
2026-08-13T05:55:31.3450071Z [1m[92m  Downloaded[0m hmac v0.12.1
2026-08-13T05:55:31.3461351Z [1m[92m  Downloaded[0m hashlink v0.11.0
2026-08-13T05:55:31.3471962Z [1m[92m  Downloaded[0m getrandom v0.4.2
2026-08-13T05:55:31.3493168Z [1m[92m  Downloaded[0m geo-types v0.7.19
2026-08-13T05:55:31.3507261Z [1m[92m  Downloaded[0m futures-macro v0.3.32
2026-08-13T05:55:31.3513674Z [1m[92m  Downloaded[0m futures-core v0.3.32
2026-08-13T05:55:31.3521741Z [1m[92m  Downloaded[0m foreign-types-macros v0.2.3
2026-08-13T05:55:31.3526537Z [1m[92m  Downloaded[0m foreign-types v0.5.0
2026-08-13T05:55:31.3532297Z [1m[92m  Downloaded[0m errno v0.3.14
2026-08-13T05:55:31.3540664Z [1m[92m  Downloaded[0m either v1.15.0
2026-08-13T05:55:31.3549041Z [1m[92m  Downloaded[0m ecdsa v0.16.9
2026-08-13T05:55:31.3559989Z [1m[92m  Downloaded[0m displaydoc v0.2.5
2026-08-13T05:55:31.3575042Z [1m[92m  Downloaded[0m darling_macro v0.23.0
2026-08-13T05:55:31.3579070Z [1m[92m  Downloaded[0m crypto-common v0.1.6
2026-08-13T05:55:31.3584177Z [1m[92m  Downloaded[0m crunchy v0.2.4
2026-08-13T05:55:31.3588770Z [1m[92m  Downloaded[0m console v0.16.2
2026-08-13T05:55:31.3598877Z [1m[92m  Downloaded[0m config v0.15.23
2026-08-13T05:55:31.3624140Z [1m[92m  Downloaded[0m colored v3.1.1
2026-08-13T05:55:31.3639667Z [1m[92m  Downloaded[0m bytemuck v1.25.0
2026-08-13T05:55:31.3657721Z [1m[92m  Downloaded[0m bitflags v2.11.0
2026-08-13T05:55:31.3679964Z [1m[92m  Downloaded[0m bitflags v1.3.2
2026-08-13T05:55:31.3696335Z [1m[92m  Downloaded[0m bit-vec v0.6.3
2026-08-13T05:55:31.3703793Z [1m[92m  Downloaded[0m base64ct v1.8.3
2026-08-13T05:55:31.3717483Z [1m[92m  Downloaded[0m allocator-api2 v0.2.21
2026-08-13T05:55:31.3733188Z [1m[92m  Downloaded[0m home v0.5.12
2026-08-13T05:55:31.3739124Z [1m[92m  Downloaded[0m hex v0.4.3
2026-08-13T05:55:31.3747642Z [1m[92m  Downloaded[0m getrandom v0.1.16
2026-08-13T05:55:31.3760864Z [1m[92m  Downloaded[0m geographiclib-rs v0.2.7
2026-08-13T05:55:31.3771698Z [1m[92m  Downloaded[0m generic-array v0.14.9
2026-08-13T05:55:31.3780179Z [1m[92m  Downloaded[0m futures-task v0.3.32
2026-08-13T05:55:31.3786756Z [1m[92m  Downloaded[0m fnv v1.0.7
2026-08-13T05:55:31.3791979Z [1m[92m  Downloaded[0m fixedbitset v0.4.2
2026-08-13T05:55:31.3799456Z [1m[92m  Downloaded[0m env_filter v1.0.0
2026-08-13T05:55:31.3807356Z [1m[92m  Downloaded[0m dyn-clone v1.0.20
2026-08-13T05:55:31.3816147Z [1m[92m  Downloaded[0m darling_macro v0.20.11
2026-08-13T05:55:31.3820409Z [1m[92m  Downloaded[0m cmake v0.1.57
2026-08-13T05:55:31.3827878Z [1m[92m  Downloaded[0m clap_derive v4.6.1
2026-08-13T05:55:31.3840517Z [1m[92m  Downloaded[0m chacha20 v0.10.0
2026-08-13T05:55:31.3854320Z [1m[92m  Downloaded[0m blocking v1.6.2
2026-08-13T05:55:31.3861794Z [1m[92m  Downloaded[0m bitpacking v0.9.3
2026-08-13T05:55:31.3873770Z [1m[92m  Downloaded[0m bitm v0.4.3
2026-08-13T05:55:31.3882332Z [1m[92m  Downloaded[0m bincode v1.3.3
2026-08-13T05:55:31.3894142Z [1m[92m  Downloaded[0m async-task v4.7.1
2026-08-13T05:55:31.3908111Z [1m[92m  Downloaded[0m async-executor v1.14.0
2026-08-13T05:55:31.3919192Z [1m[92m  Downloaded[0m async-broadcast v0.7.2
2026-08-13T05:55:31.3928395Z [1m[92m  Downloaded[0m arrayvec v0.7.6
2026-08-13T05:55:31.3939965Z [1m[92m  Downloaded[0m arrayvec v0.4.12
2026-08-13T05:55:31.3951256Z [1m[92m  Downloaded[0m arraydeque v0.5.1
2026-08-13T05:55:31.3958225Z [1m[92m  Downloaded[0m approx v0.5.1
2026-08-13T05:55:31.3967485Z [1m[92m  Downloaded[0m anyhow v1.0.102
2026-08-13T05:55:31.3989044Z [1m[92m  Downloaded[0m anstream v1.0.0
2026-08-13T05:55:31.4001128Z [1m[92m  Downloaded[0m actix-web-codegen v4.3.0
2026-08-13T05:55:31.4016025Z [1m[92m  Downloaded[0m fxhash v0.2.1
2026-08-13T05:55:31.4020557Z [1m[92m  Downloaded[0m dunce v1.0.5
2026-08-13T05:55:31.4025346Z [1m[92m  Downloaded[0m crypto-common v0.2.1
2026-08-13T05:55:31.4032565Z [1m[92m  Downloaded[0m concurrent-queue v2.5.0
2026-08-13T05:55:31.4042598Z [1m[92m  Downloaded[0m clap_lex v1.0.0
2026-08-13T05:55:31.4049372Z [1m[92m  Downloaded[0m bytestring v1.5.0
2026-08-13T05:55:31.4055096Z [1m[92m  Downloaded[0m byteorder v1.5.0
2026-08-13T05:55:31.4064326Z [1m[92m  Downloaded[0m bytemuck_derive v1.10.2
2026-08-13T05:55:31.4072171Z [1m[92m  Downloaded[0m bs58 v0.5.1
2026-08-13T05:55:31.4084378Z [1m[92m  Downloaded[0m binout v0.3.1
2026-08-13T05:55:31.4088206Z [1m[92m  Downloaded[0m base16ct v0.2.0
2026-08-13T05:55:31.4095571Z [1m[92m  Downloaded[0m autocfg v1.5.0
2026-08-13T05:55:31.4105584Z [1m[92m  Downloaded[0m async-trait v0.1.89
2026-08-13T05:55:31.4124221Z [1m[92m  Downloaded[0m async-signal v0.2.13
2026-08-13T05:55:31.4132641Z [1m[92m  Downloaded[0m async-recursion v1.1.1
2026-08-13T05:55:31.4150745Z [1m[92m  Downloaded[0m async-process v2.5.0
2026-08-13T05:55:31.4161072Z [1m[92m  Downloaded[0m async-channel v2.5.0
2026-08-13T05:55:31.4168378Z [1m[92m  Downloaded[0m alloc-no-stdlib v2.0.4
2026-08-13T05:55:31.4176942Z [1m[92m  Downloaded[0m debugid v0.8.0
2026-08-13T05:55:31.4184083Z [1m[92m  Downloaded[0m colorchoice v1.0.4
2026-08-13T05:55:31.4190166Z [1m[92m  Downloaded[0m cfg_aliases v0.2.1
2026-08-13T05:55:31.4195454Z [1m[92m  Downloaded[0m block-buffer v0.12.0
2026-08-13T05:55:31.4202443Z [1m[92m  Downloaded[0m block-buffer v0.10.4
2026-08-13T05:55:31.4208119Z [1m[92m  Downloaded[0m bincode_derive v2.0.1
2026-08-13T05:55:31.4213437Z [1m[92m  Downloaded[0m atomic_refcell v0.1.14
2026-08-13T05:55:31.4220519Z [1m[92m  Downloaded[0m cedarwood v0.4.6
2026-08-13T05:55:31.4227390Z [1m[92m  Downloaded[0m blake2-rfc v0.2.18
2026-08-13T05:55:31.4236174Z [1m[92m  Downloaded[0m atomicwrites v0.4.4
2026-08-13T05:55:31.4242008Z [1m[92m  Downloaded[0m alloc-stdlib v0.2.2
2026-08-13T05:55:31.4248187Z [1m[92m  Downloaded[0m adler32 v1.2.0
2026-08-13T05:55:31.4254182Z [1m[92m  Downloaded[0m antidote v1.0.0
2026-08-13T05:55:31.4258155Z [1m[92m  Downloaded[0m async-io v2.6.0
2026-08-13T05:55:31.4275614Z [1m[92m  Downloaded[0m addr2line v0.25.1
2026-08-13T05:55:31.4287366Z [1m[92m  Downloaded[0m actix-web-extras v0.1.0
2026-08-13T05:55:31.4292616Z [1m[92m  Downloaded[0m anstyle-parse v1.0.0
2026-08-13T05:55:31.4302293Z [1m[92m  Downloaded[0m ahash v0.8.12
2026-08-13T05:55:31.4316840Z [1m[92m  Downloaded[0m actix-web-validator v7.0.0
2026-08-13T05:55:31.4328427Z [1m[92m  Downloaded[0m convert_case v0.4.0
2026-08-13T05:55:31.4333719Z [1m[92m  Downloaded[0m constant_time_eq v0.4.2
2026-08-13T05:55:31.4344803Z [1m[92m  Downloaded[0m const-oid v0.10.2
2026-08-13T05:55:31.4359753Z [1m[92m  Downloaded[0m async-lock v3.4.2
2026-08-13T05:55:31.4372794Z [1m[92m  Downloaded[0m anstyle-query v1.1.5
2026-08-13T05:55:31.4379859Z [1m[92m  Downloaded[0m anstyle v1.0.13
2026-08-13T05:55:31.4388222Z [1m[92m  Downloaded[0m aligned-vec v0.6.4
2026-08-13T05:55:31.4393954Z [1m[92m  Downloaded[0m adler2 v2.0.1
2026-08-13T05:55:31.4400961Z [1m[92m  Downloaded[0m actix-utils v3.0.1
2026-08-13T05:55:31.4407015Z [1m[92m  Downloaded[0m actix-http v3.12.1
2026-08-13T05:55:31.4455981Z [1m[92m  Downloaded[0m cpufeatures v0.3.0
2026-08-13T05:55:31.4464680Z [1m[92m  Downloaded[0m const-oid v0.9.6
2026-08-13T05:55:31.4476667Z [1m[92m  Downloaded[0m constant_time_eq v0.1.5
2026-08-13T05:55:31.4481808Z [1m[92m  Downloaded[0m clap v4.6.1
2026-08-13T05:55:31.4529102Z [1m[92m  Downloaded[0m actix-cors v0.7.1
2026-08-13T05:55:31.4539582Z [1m[92m  Downloaded[0m actix-tls v3.5.0
2026-08-13T05:55:31.4559450Z [1m[92m  Downloaded[0m crc32c v0.6.8
2026-08-13T05:55:31.4567407Z [1m[92m  Downloaded[0m actix-server v2.6.0
2026-08-13T05:55:31.4581292Z [1m[92m  Downloaded[0m actix-rt v2.11.0
2026-08-13T05:55:31.4590277Z [1m[92m  Downloaded[0m actix-files v0.6.10
2026-08-13T05:55:31.4606335Z [1m[92m  Downloaded[0m actix-multipart v0.7.2
2026-08-13T05:55:31.6539677Z [1m[92m   Compiling[0m proc-macro2 v1.0.106
2026-08-13T05:55:31.6548965Z [1m[92m   Compiling[0m quote v1.0.45
2026-08-13T05:55:32.1799082Z [1m[92m   Compiling[0m unicode-ident v1.0.24
2026-08-13T05:55:32.2363711Z [1m[92m   Compiling[0m cfg-if v1.0.4
2026-08-13T05:55:32.2579462Z [1m[92m   Compiling[0m libc v0.2.186
2026-08-13T05:55:32.8128189Z [1m[92m   Compiling[0m syn v2.0.117
2026-08-13T05:55:34.6415371Z [1m[92m   Compiling[0m serde_core v1.0.228
2026-08-13T05:55:36.4282271Z [1m[92m   Compiling[0m serde v1.0.228
2026-08-13T05:55:36.5061098Z [1m[92m   Compiling[0m serde_derive v1.0.228
2026-08-13T05:55:36.5851610Z [1m[92m   Compiling[0m memchr v2.8.0
2026-08-13T05:55:37.0033270Z [1m[92m   Compiling[0m jobserver v0.1.34
2026-08-13T05:55:37.2213739Z [1m[92m   Compiling[0m find-msvc-tools v0.1.9
2026-08-13T05:55:37.3382822Z [1m[92m   Compiling[0m shlex v2.0.1
2026-08-13T05:55:37.4273853Z [1m[92m   Compiling[0m cc v1.2.63
2026-08-13T05:55:38.5489530Z [1m[92m   Compiling[0m equivalent v1.0.2
2026-08-13T05:55:39.1285045Z [1m[92m   Compiling[0m autocfg v1.5.0
2026-08-13T05:55:39.3712497Z [1m[92m   Compiling[0m smallvec v1.15.1
2026-08-13T05:55:39.5194983Z [1m[92m   Compiling[0m pin-project-lite v0.2.17
2026-08-13T05:55:39.5503226Z [1m[92m   Compiling[0m object v0.37.3
2026-08-13T05:55:39.6721515Z [1m[92m   Compiling[0m once_cell v1.21.4
2026-08-13T05:55:39.7934479Z [1m[92m   Compiling[0m hashbrown v0.17.0
2026-08-13T05:55:40.2537408Z [1m[92m   Compiling[0m log v0.4.31
2026-08-13T05:55:40.3062249Z [1m[92m   Compiling[0m indexmap v2.14.0
2026-08-13T05:55:40.3667214Z [1m[92m   Compiling[0m parking_lot_core v0.9.12
2026-08-13T05:55:40.4589064Z [1m[92m   Compiling[0m bytes v1.11.1
2026-08-13T05:55:40.9712362Z [1m[92m   Compiling[0m version_check v0.9.5
2026-08-13T05:55:40.9770017Z [1m[92m   Compiling[0m synstructure v0.13.2
2026-08-13T05:55:41.1353101Z [1m[92m   Compiling[0m adler2 v2.0.1
2026-08-13T05:55:41.1912393Z [1m[92m   Compiling[0m simd-adler32 v0.3.8
2026-08-13T05:55:41.3799784Z [1m[92m   Compiling[0m miniz_oxide v0.8.9
2026-08-13T05:55:41.4050657Z [1m[92m   Compiling[0m zeroize_derive v1.4.3
2026-08-13T05:55:41.8473355Z [1m[92m   Compiling[0m zeroize v1.8.2
2026-08-13T05:55:41.9269473Z [1m[92m   Compiling[0m zerofrom-derive v0.1.6
2026-08-13T05:55:42.1012588Z [1m[92m   Compiling[0m gimli v0.32.3
2026-08-13T05:55:42.8716940Z [1m[92m   Compiling[0m rustc-demangle v0.1.27
2026-08-13T05:55:44.0170693Z [1m[92m   Compiling[0m addr2line v0.25.1
2026-08-13T05:55:44.2931222Z [1m[92m   Compiling[0m futures-core v0.3.32
2026-08-13T05:55:44.3523087Z [1m[92m   Compiling[0m yoke-derive v0.8.1
2026-08-13T05:55:45.1120919Z [1m[92m   Compiling[0m getrandom v0.4.2
2026-08-13T05:55:45.2029788Z [1m[92m   Compiling[0m itoa v1.0.17
2026-08-13T05:55:45.3068439Z [1m[92m   Compiling[0m fixedbitset v0.4.2
2026-08-13T05:55:45.4510353Z [1m[92m   Compiling[0m scopeguard v1.2.0
2026-08-13T05:55:45.4832895Z [1m[92m   Compiling[0m lock_api v0.4.14
2026-08-13T05:55:45.6941557Z [1m[92m   Compiling[0m petgraph v0.6.5
2026-08-13T05:55:46.2079280Z [1m[92m   Compiling[0m backtrace v0.3.76
2026-08-13T05:55:47.0468183Z [1m[92m   Compiling[0m getrandom v0.2.17
2026-08-13T05:55:48.2539498Z [1m[92m   Compiling[0m zerovec-derive v0.11.2
2026-08-13T05:55:48.9201805Z [1m[92m   Compiling[0m parking_lot v0.12.5
2026-08-13T05:55:49.0352390Z [1m[92m   Compiling[0m tokio-macros v2.7.0
2026-08-13T05:55:49.3950363Z [1m[92m   Compiling[0m displaydoc v0.2.5
2026-08-13T05:55:49.5305179Z [1m[92m   Compiling[0m errno v0.3.14
2026-08-13T05:55:49.5933349Z [1m[92m   Compiling[0m libm v0.2.16
2026-08-13T05:55:49.7543212Z [1m[92m   Compiling[0m signal-hook-registry v1.4.8
2026-08-13T05:55:49.8996113Z [1m[92m   Compiling[0m crossbeam-utils v0.8.21
2026-08-13T05:55:50.0515176Z [1m[92m   Compiling[0m futures-io v0.3.32
2026-08-13T05:55:50.1283963Z [1m[92m   Compiling[0m slab v0.4.12
2026-08-13T05:55:50.5372343Z [1m[92m   Compiling[0m subtle v2.6.1
2026-08-13T05:55:50.6141500Z [1m[92m   Compiling[0m mio v1.2.0
2026-08-13T05:55:50.8305933Z [1m[92m   Compiling[0m num-traits v0.2.19
2026-08-13T05:55:50.9205293Z [1m[92m   Compiling[0m socket2 v0.6.3
2026-08-13T05:55:50.9559536Z [1m[92m   Compiling[0m bitflags v2.11.0
2026-08-13T05:55:51.1784899Z [1m[92m   Compiling[0m tokio v1.52.3
2026-08-13T05:55:51.3590416Z [1m[92m   Compiling[0m stable_deref_trait v1.2.1
2026-08-13T05:55:51.8858783Z [1m[92m   Compiling[0m tracing-core v0.1.36
2026-08-13T05:55:52.5644000Z [1m[92m   Compiling[0m zerocopy v0.8.50
2026-08-13T05:55:52.7578513Z [1m[92m   Compiling[0m typenum v1.19.0
2026-08-13T05:55:52.9255260Z [1m[92m   Compiling[0m icu_normalizer_data v2.1.1
2026-08-13T05:55:53.0104680Z [1m[92m   Compiling[0m icu_properties_data v2.1.2
2026-08-13T05:55:53.4738560Z [1m[92m   Compiling[0m tracing-attributes v0.1.31
2026-08-13T05:55:54.4469107Z [1m[92m   Compiling[0m tracing v0.1.44
2026-08-13T05:55:55.1249696Z [1m[92m   Compiling[0m zerocopy-derive v0.8.50
2026-08-13T05:55:56.1678543Z [1m[92m   Compiling[0m zmij v1.0.21
2026-08-13T05:55:56.6724921Z [1m[92m   Compiling[0m anyhow v1.0.102
2026-08-13T05:55:56.8260073Z [1m[92m   Compiling[0m futures-sink v0.3.32
2026-08-13T05:55:57.3544309Z [1m[92m   Compiling[0m futures-channel v0.3.32
2026-08-13T05:55:57.5030995Z [1m[92m   Compiling[0m futures-macro v0.3.32
2026-08-13T05:55:58.0465983Z [1m[92m   Compiling[0m serde_json v1.0.150
2026-08-13T05:55:58.1308804Z [1m[92m   Compiling[0m futures-task v0.3.32
2026-08-13T05:55:58.2074680Z [1m[92m   Compiling[0m either v1.15.0
2026-08-13T05:55:58.2824756Z [1m[92m   Compiling[0m futures-util v0.3.32
2026-08-13T05:55:58.7036490Z [1m[92m   Compiling[0m zerofrom v0.1.6
2026-08-13T05:55:58.7579973Z [1m[92m   Compiling[0m rand_core v0.10.0
2026-08-13T05:55:58.8355562Z [1m[92m   Compiling[0m yoke v0.8.1
2026-08-13T05:55:58.9465733Z [1m[92m   Compiling[0m percent-encoding v2.3.2
2026-08-13T05:55:59.0625856Z [1m[92m   Compiling[0m fs_extra v1.3.0
2026-08-13T05:55:59.2227235Z [1m[92m   Compiling[0m pkg-config v0.3.32
2026-08-13T05:55:59.6589568Z [1m[92m   Compiling[0m zerovec v0.11.5
2026-08-13T05:56:00.4573144Z [1m[92m   Compiling[0m tokio-util v0.7.18
2026-08-13T05:56:01.9831292Z [1m[92m   Compiling[0m cmake v0.1.57
2026-08-13T05:56:02.6370937Z [1m[92m   Compiling[0m dunce v1.0.5
2026-08-13T05:56:02.6662310Z [1m[92m   Compiling[0m aws-lc-sys v0.39.1
2026-08-13T05:56:03.3991587Z [1m[92m   Compiling[0m tinystr v0.8.2
2026-08-13T05:56:03.5069114Z [1m[92m   Compiling[0m writeable v0.6.2
2026-08-13T05:56:03.7223669Z [1m[92m   Compiling[0m litemap v0.8.1
2026-08-13T05:56:03.8342854Z [1m[92m   Compiling[0m icu_locale_core v2.1.1
2026-08-13T05:56:04.9822921Z [1m[92m   Compiling[0m potential_utf v0.1.4
2026-08-13T05:56:05.0558113Z [1m[92m   Compiling[0m zerotrie v0.2.3
2026-08-13T05:56:05.2916171Z [1m[92m   Compiling[0m rand_core v0.6.4
2026-08-13T05:56:05.4121550Z [1m[92m   Compiling[0m ring v0.17.14
2026-08-13T05:56:05.7457029Z [1m[92m   Compiling[0m fnv v1.0.7
2026-08-13T05:56:05.7761689Z [1m[92m   Compiling[0m crc32fast v1.5.0
2026-08-13T05:56:05.9000529Z [1m[92m   Compiling[0m allocator-api2 v0.2.21
2026-08-13T05:56:06.1579307Z [1m[92m   Compiling[0m aws-lc-rs v1.16.2
2026-08-13T05:56:20.9262433Z [1m[92m   Compiling[0m icu_provider v2.1.1
2026-08-13T05:56:21.1501761Z [1m[92m   Compiling[0m icu_collections v2.1.1
2026-08-13T05:56:21.5620152Z [1m[92m   Compiling[0m rustls-pki-types v1.14.1
2026-08-13T05:56:23.5330511Z [1m[92m   Compiling[0m aho-corasick v1.1.4
2026-08-13T05:56:25.6321878Z [1m[92m   Compiling[0m regex-syntax v0.8.10
2026-08-13T05:56:28.9707628Z [1m[92m   Compiling[0m untrusted v0.9.0
2026-08-13T05:56:31.0644197Z [1m[92m   Compiling[0m regex-automata v0.4.14
2026-08-13T05:56:38.5433492Z [1m[92m   Compiling[0m icu_properties v2.1.2
2026-08-13T05:56:39.4568694Z [1m[92m   Compiling[0m icu_normalizer v2.1.1
2026-08-13T05:56:40.0378732Z [1m[92m   Compiling[0m zstd-sys v2.0.16+zstd.1.5.7
2026-08-13T05:56:40.2733592Z [1m[92m   Compiling[0m httparse v1.10.1
2026-08-13T05:56:40.4439207Z [1m[92m   Compiling[0m rustls v0.23.40
2026-08-13T05:56:40.5363432Z [1m[92m   Compiling[0m idna_adapter v1.2.1
2026-08-13T05:56:40.5868895Z [1m[92m   Compiling[0m form_urlencoded v1.2.2
2026-08-13T05:56:40.6948662Z [1m[92m   Compiling[0m thiserror v2.0.18
2026-08-13T05:56:40.8643795Z [1m[92m   Compiling[0m rustix v1.1.4
2026-08-13T05:56:41.0261381Z [1m[92m   Compiling[0m rayon-core v1.13.0
2026-08-13T05:56:41.1059691Z [1m[92m   Compiling[0m base64 v0.22.1
2026-08-13T05:56:41.3593936Z [1m[92m   Compiling[0m utf8_iter v1.0.4
2026-08-13T05:56:41.4241035Z [1m[92m   Compiling[0m idna v1.1.0
2026-08-13T05:56:42.6637475Z [1m[92m   Compiling[0m http v1.4.1
2026-08-13T05:56:43.6990847Z [1m[92m   Compiling[0m linux-raw-sys v0.12.1
2026-08-13T05:56:44.6654417Z [1m[92m   Compiling[0m fastrand v2.3.0
2026-08-13T05:56:44.7905784Z [1m[92m   Compiling[0m ident_case v1.0.1
2026-08-13T05:56:44.8364047Z [1m[92m   Compiling[0m strsim v0.11.1
2026-08-13T05:56:45.1944307Z [1m[92m   Compiling[0m httpdate v1.0.3
2026-08-13T05:56:49.7109731Z [1m[92m   Compiling[0m url v2.5.8
2026-08-13T05:56:50.9201754Z [1m[92m   Compiling[0m generic-array v0.14.9
2026-08-13T05:56:51.0124462Z [1m[92m   Compiling[0m thiserror-impl v2.0.18
2026-08-13T05:56:51.9818644Z [1m[92m   Compiling[0m getrandom v0.3.4
2026-08-13T05:56:52.1291754Z [1m[92m   Compiling[0m rustix v0.38.44
2026-08-13T05:56:54.8040138Z [1m[92m   Compiling[0m regex v1.12.3
2026-08-13T05:56:55.4157286Z [1m[92m   Compiling[0m itertools v0.14.0
2026-08-13T05:56:56.4313084Z [1m[92m   Compiling[0m zstd-safe v7.2.4
2026-08-13T05:56:56.5195578Z [1m[92m   Compiling[0m const-oid v0.9.6
2026-08-13T05:56:57.0760776Z [1m[92m   Compiling[0m flate2 v1.1.9
2026-08-13T05:56:57.4053245Z [1m[92m   Compiling[0m ahash v0.8.12
2026-08-13T05:56:57.5039600Z [1m[92m   Compiling[0m proc-macro-error-attr2 v2.0.0
2026-08-13T05:56:57.7802494Z [1m[92m   Compiling[0m atomic-waker v1.1.2
2026-08-13T05:56:57.8213854Z [1m[92m   Compiling[0m rustversion v1.0.22
2026-08-13T05:56:58.1620834Z [1m[92m   Compiling[0m proc-macro-error2 v2.0.1
2026-08-13T05:56:58.3224023Z [1m[92m   Compiling[0m prost-derive v0.14.3
2026-08-13T05:56:59.4705603Z [1m[92m   Compiling[0m http-body v1.0.1
2026-08-13T05:56:59.5313627Z [1m[92m   Compiling[0m chacha20 v0.10.0
2026-08-13T05:56:59.7482005Z [1m[92m   Compiling[0m ryu v1.0.23
2026-08-13T05:57:00.0575483Z [1m[92m   Compiling[0m rand v0.10.1
2026-08-13T05:57:01.9917013Z [1m[92m   Compiling[0m indexmap v1.9.3
2026-08-13T05:57:03.9726981Z [1m[92m   Compiling[0m tower-service v0.3.3
2026-08-13T05:57:04.0031783Z [1m[92m   Compiling[0m foldhash v0.2.0
2026-08-13T05:57:04.0894339Z [1m[92m   Compiling[0m hashbrown v0.16.1
2026-08-13T05:57:04.6227397Z [1m[92m   Compiling[0m darling_core v0.20.11
2026-08-13T05:57:17.9209524Z [1m[92m   Compiling[0m rustls-webpki v0.103.13
2026-08-13T05:57:28.7765318Z [1m[92m   Compiling[0m tokio-rustls v0.26.4
2026-08-13T05:57:28.9606066Z [1m[92m   Compiling[0m crossbeam-epoch v0.9.18
2026-08-13T05:57:29.1915309Z [1m[92m   Compiling[0m crossbeam-deque v0.8.6
2026-08-13T05:57:29.5887321Z [1m[92m   Compiling[0m darling_macro v0.20.11
2026-08-13T05:57:29.9268858Z [1m[92m   Compiling[0m tempfile v3.27.0
2026-08-13T05:57:30.5279216Z [1m[92m   Compiling[0m block-buffer v0.10.4
2026-08-13T05:57:30.5920871Z [1m[92m   Compiling[0m crypto-common v0.1.6
2026-08-13T05:57:30.6499066Z [1m[92m   Compiling[0m bytemuck_derive v1.10.2
2026-08-13T05:57:31.5108949Z [1m[92m   Compiling[0m schemars v0.8.22
2026-08-13T05:57:31.6019409Z [1m[92m   Compiling[0m byteorder v1.5.0
2026-08-13T05:57:31.7508968Z [1m[92m   Compiling[0m try-lock v0.2.5
2026-08-13T05:57:31.7874122Z [1m[92m   Compiling[0m want v0.3.1
2026-08-13T05:57:32.6114349Z [1m[92m   Compiling[0m digest v0.10.7
2026-08-13T05:57:32.7457487Z [1m[92m   Compiling[0m darling v0.20.11
2026-08-13T05:57:32.7717362Z [1m[92m   Compiling[0m serde_urlencoded v0.7.1
2026-08-13T05:57:32.9299486Z [1m[92m   Compiling[0m h2 v0.4.14
2026-08-13T05:57:37.8559588Z [1m[92m   Compiling[0m uuid v1.23.2
2026-08-13T05:57:38.1861146Z [1m[92m   Compiling[0m sync_wrapper v1.0.2
2026-08-13T05:57:38.2235269Z [1m[92m   Compiling[0m fs-err v3.3.0
2026-08-13T05:57:38.3149627Z [1m[92m   Compiling[0m serde_derive_internals v0.29.1
2026-08-13T05:57:39.0704294Z [1m[92m   Compiling[0m radium v0.7.0
2026-08-13T05:57:39.2931226Z [1m[92m   Compiling[0m spin v0.9.8
2026-08-13T05:57:39.3461390Z [1m[92m   Compiling[0m heck v0.5.0
2026-08-13T05:57:39.4642254Z [1m[92m   Compiling[0m foldhash v0.1.5
2026-08-13T05:57:39.5690431Z [1m[92m   Compiling[0m tower-layer v0.3.3
2026-08-13T05:57:39.6874858Z [1m[92m   Compiling[0m lazy_static v1.5.0
2026-08-13T05:57:40.7994943Z [1m[92m   Compiling[0m schemars_derive v0.8.22
2026-08-13T05:57:41.7190950Z [1m[92m   Compiling[0m hyper v1.9.0
2026-08-13T05:57:44.0449295Z [1m[92m   Compiling[0m rayon v1.12.0
2026-08-13T05:57:45.9043489Z [1m[92m   Compiling[0m hybrid-array v0.4.9
2026-08-13T05:57:46.2833729Z [1m[92m   Compiling[0m equator-macro v0.4.2
2026-08-13T05:57:46.7449534Z [1m[92m   Compiling[0m ipnet v2.12.0
2026-08-13T05:57:47.2716504Z [1m[92m   Compiling[0m heck v0.4.1
2026-08-13T05:57:47.3779482Z [1m[92m   Compiling[0m mime v0.3.17
2026-08-13T05:57:47.5816889Z [1m[92m   Compiling[0m cfg_aliases v0.2.1
2026-08-13T05:57:47.6051399Z [1m[92m   Compiling[0m parking v2.2.1
2026-08-13T05:57:47.6719899Z [1m[92m   Compiling[0m unicase v2.9.0
2026-08-13T05:57:47.7690564Z [1m[92m   Compiling[0m nix v0.31.3
2026-08-13T05:57:47.9737313Z [1m[92m   Compiling[0m hyper-util v0.1.20
2026-08-13T05:57:48.5103326Z [1m[92m   Compiling[0m zstd v0.13.3
2026-08-13T05:57:48.8215841Z [1m[92m   Compiling[0m tower v0.5.3
2026-08-13T05:57:49.8198946Z [1m[92m   Compiling[0m http-body-util v0.1.3
2026-08-13T05:57:49.8685069Z [1m[92m   Compiling[0m ppv-lite86 v0.2.21
2026-08-13T05:57:49.9829138Z [1m[92m   Compiling[0m concurrent-queue v2.5.0
2026-08-13T05:57:50.0249234Z [1m[92m   Compiling[0m semver v1.0.28
2026-08-13T05:57:50.1003429Z [1m[92m   Compiling[0m iana-time-zone v0.1.65
2026-08-13T05:57:50.2249205Z [1m[92m   Compiling[0m procfs v0.18.0
2026-08-13T05:57:50.3429112Z [1m[92m   Compiling[0m winnow v0.7.15
2026-08-13T05:57:50.3900422Z [1m[92m   Compiling[0m io-uring v0.7.12
2026-08-13T05:57:51.6164741Z [1m[92m   Compiling[0m chrono v0.4.44
2026-08-13T05:57:52.2523675Z [1m[92m   Compiling[0m block-buffer v0.12.0
2026-08-13T05:57:52.3380128Z [1m[92m   Compiling[0m crypto-common v0.2.1
2026-08-13T05:57:53.2250188Z [1m[92m   Compiling[0m validator_derive v0.20.0
2026-08-13T05:57:53.9178161Z [1m[92m   Compiling[0m const-oid v0.10.2
2026-08-13T05:57:54.0507877Z [1m[92m   Compiling[0m linux-raw-sys v0.4.15
2026-08-13T05:57:54.1549756Z [1m[92m   Compiling[0m digest v0.11.2
2026-08-13T05:57:54.7248830Z [1m[92m   Compiling[0m toml_parser v1.0.9+spec-1.1.0
2026-08-13T05:57:55.1415803Z [1m[92m   Compiling[0m strum_macros v0.28.0
2026-08-13T05:57:55.5280380Z [1m[92m   Compiling[0m cpufeatures v0.3.0
2026-08-13T05:57:55.5582295Z [1m[92m   Compiling[0m openssl-probe v0.2.1
2026-08-13T05:57:55.6642521Z [1m[92m   Compiling[0m common v0.0.0 (/home/runner/work/test/test/qdrant-src/lib/common/common)
2026-08-13T05:57:55.7572980Z [1m[92m   Compiling[0m num-conv v0.2.0
2026-08-13T05:57:55.8153386Z [1m[92m   Compiling[0m toml_datetime v0.7.5+spec-1.1.0
2026-08-13T05:57:55.9478091Z [1m[92m   Compiling[0m pulldown-cmark v0.13.4
2026-08-13T05:57:56.0266619Z [1m[92m   Compiling[0m base64ct v1.8.3
2026-08-13T05:57:56.2081491Z [1m[92m   Compiling[0m time-core v0.1.8
2026-08-13T05:57:56.2778798Z [1m[92m   Compiling[0m powerfmt v0.2.0
2026-08-13T05:57:56.3925121Z [1m[92m   Compiling[0m prettyplease v0.2.37
2026-08-13T05:57:56.4900305Z [1m[92m   Compiling[0m deranged v0.5.8
2026-08-13T05:57:56.6165246Z [1m[92m   Compiling[0m time-macros v0.2.27
2026-08-13T05:57:57.3704024Z [1m[92m   Compiling[0m pem-rfc7468 v0.7.0
2026-08-13T05:57:57.3841836Z [1m[92m   Compiling[0m toml_edit v0.23.10+spec-1.0.0
2026-08-13T05:57:57.6455036Z [1m[92m   Compiling[0m rustls-native-certs v0.8.3
2026-08-13T05:57:58.5382225Z [1m[92m   Compiling[0m enumflags2_derive v0.7.12
2026-08-13T05:57:58.9558725Z [1m[92m   Compiling[0m memmap2 v0.9.10
2026-08-13T05:57:59.2116985Z [1m[92m   Compiling[0m syn v1.0.109
2026-08-13T05:58:00.9950115Z [1m[92m   Compiling[0m hex v0.4.3
2026-08-13T05:58:01.2455726Z [1m[92m   Compiling[0m local-waker v0.1.4
2026-08-13T05:58:01.2805635Z [1m[92m   Compiling[0m hashbrown v0.12.3
2026-08-13T05:58:02.0638152Z [1m[92m   Compiling[0m hashbrown v0.15.5
2026-08-13T05:58:02.4481258Z [1m[92m   Compiling[0m time v0.3.47
2026-08-13T05:58:08.5218857Z [1m[92m   Compiling[0m proc-macro-crate v3.4.0
2026-08-13T05:58:08.8534358Z [1m[92m   Compiling[0m der v0.7.10
2026-08-13T05:58:11.9724582Z [1m[92m   Compiling[0m zvariant_utils v3.3.0
2026-08-13T05:58:12.2280665Z [1m[92m   Compiling[0m event-listener v5.4.1
2026-08-13T05:58:12.4219418Z [1m[92m   Compiling[0m bytemuck v1.25.0
2026-08-13T05:58:12.5588036Z [1m[92m   Compiling[0m prost v0.14.3
2026-08-13T05:58:12.9419722Z [1m[92m   Compiling[0m unicode-segmentation v1.12.0
2026-08-13T05:58:13.2051227Z [1m[92m   Compiling[0m fixedbitset v0.5.7
2026-08-13T05:58:13.2350390Z [1m[92m   Compiling[0m dyn-clone v1.0.20
2026-08-13T05:58:13.2882408Z [1m[92m   Compiling[0m iri-string v0.7.10
2026-08-13T05:58:13.5069472Z [1m[92m   Compiling[0m paste v1.0.15
2026-08-13T05:58:13.6363283Z [1m[92m   Compiling[0m alloc-no-stdlib v2.0.4
2026-08-13T05:58:13.6872747Z [1m[92m   Compiling[0m alloc-stdlib v0.2.2
2026-08-13T05:58:13.7694215Z [1m[92m   Compiling[0m petgraph v0.8.3
2026-08-13T05:58:14.9092525Z [1m[92m   Compiling[0m tower-http v0.6.8
2026-08-13T05:58:16.3969440Z [1m[92m   Compiling[0m convert_case v0.10.0
2026-08-13T05:58:17.4545858Z [1m[92m   Compiling[0m prost-types v0.14.3
2026-08-13T05:58:17.9519136Z [1m[92m   Compiling[0m event-listener-strategy v0.5.4
2026-08-13T05:58:18.0114112Z [1m[92m   Compiling[0m zvariant_derive v5.10.0
2026-08-13T05:58:18.3434151Z [1m[92m   Compiling[0m pulldown-cmark-to-cmark v22.0.0
2026-08-13T05:58:18.5334754Z [1m[92m   Compiling[0m spki v0.7.3
2026-08-13T05:58:18.7551750Z [1m[92m   Compiling[0m actix-utils v3.0.1
2026-08-13T05:58:18.8185318Z [1m[92m   Compiling[0m hyper-rustls v0.27.7
2026-08-13T05:58:19.1559789Z [1m[92m   Compiling[0m rustc_version v0.4.1
2026-08-13T05:58:19.3292540Z [1m[92m   Compiling[0m futures-lite v2.6.1
2026-08-13T05:58:19.9535100Z [1m[92m   Compiling[0m equator v0.4.2
2026-08-13T05:58:20.1269050Z [1m[92m   Compiling[0m http v0.2.12
2026-08-13T05:58:21.1445569Z [1m[92m   Compiling[0m wyhash v0.5.0
2026-08-13T05:58:21.2331774Z [1m[92m   Compiling[0m actix-rt v2.11.0
2026-08-13T05:58:21.9481624Z [1m[92m   Compiling[0m num-integer v0.1.46
2026-08-13T05:58:22.2023058Z [1m[92m   Compiling[0m no_std_io2 v0.9.3
2026-08-13T05:58:22.2263498Z [1m[92m   Compiling[0m actix-service v2.0.3
2026-08-13T05:58:22.5987645Z [1m[92m   Compiling[0m encoding_rs v0.8.35
2026-08-13T05:58:22.8586415Z [1m[92m   Compiling[0m multimap v0.10.1
2026-08-13T05:58:22.9431210Z [1m[92m   Compiling[0m xxhash-rust v0.8.15
2026-08-13T05:58:23.1412702Z [1m[92m   Compiling[0m same-file v1.0.6
2026-08-13T05:58:23.4054993Z [1m[92m   Compiling[0m typeid v1.0.3
2026-08-13T05:58:23.5354056Z [1m[92m   Compiling[0m getrandom v0.1.16
2026-08-13T05:58:23.6351575Z [1m[92m   Compiling[0m rle-decode-fast v1.0.3
2026-08-13T05:58:23.6679621Z [1m[92m   Compiling[0m unicode-xid v0.2.6
2026-08-13T05:58:23.7132172Z [1m[92m   Compiling[0m dyn_size_of v0.4.5
2026-08-13T05:58:23.7668514Z [1m[92m   Compiling[0m tap v1.0.1
2026-08-13T05:58:25.0081993Z [1m[92m   Compiling[0m libflate_lz77 v2.3.0
2026-08-13T05:58:25.0119161Z [1m[92m   Compiling[0m wyz v0.5.1
2026-08-13T05:58:25.1086094Z [1m[92m   Compiling[0m bitm v0.4.3
2026-08-13T05:58:25.1351553Z [1m[92m   Compiling[0m derive_more-impl v2.1.1
2026-08-13T05:58:27.2369640Z [1m[92m   Compiling[0m walkdir v2.5.0
2026-08-13T05:58:27.4029269Z [1m[92m   Compiling[0m seedable_hash v0.1.7
2026-08-13T05:58:27.4447783Z [1m[92m   Compiling[0m prost-build v0.14.3
2026-08-13T05:58:28.5176666Z [1m[92m   Compiling[0m aligned-vec v0.6.4
2026-08-13T05:58:28.6091275Z [1m[92m   Compiling[0m pkcs8 v0.10.2
2026-08-13T05:58:29.1431404Z [1m[92m   Compiling[0m brotli-decompressor v5.0.0
2026-08-13T05:58:29.3153018Z [1m[92m   Compiling[0m procfs-core v0.18.0
2026-08-13T05:58:30.8020745Z [1m[92m   Compiling[0m validator v0.20.0
2026-08-13T05:58:32.6017657Z [1m[92m   Compiling[0m xattr v1.6.1
2026-08-13T05:58:32.8969037Z [1m[92m   Compiling[0m fs4 v1.1.0
2026-08-13T05:58:32.9819253Z [1m[92m   Compiling[0m bytestring v1.5.0
2026-08-13T05:58:32.9967349Z [1m[92m   Compiling[0m itertools v0.10.5
2026-08-13T05:58:33.0727330Z [1m[92m   Compiling[0m cookie v0.16.2
2026-08-13T05:58:33.2531176Z [1m[92m   Compiling[0m async-io v2.6.0
2026-08-13T05:58:33.3505402Z [1m[92m   Compiling[0m bincode v1.3.3
2026-08-13T05:58:33.6679525Z [1m[92m   Compiling[0m async-trait v0.1.89
2026-08-13T05:58:33.8136739Z [1m[92m   Compiling[0m filetime v0.2.27
2026-08-13T05:58:33.9225748Z [1m[92m   Compiling[0m heapless v0.8.0
2026-08-13T05:58:34.0621657Z [1m[92m   Compiling[0m funty v2.0.0
2026-08-13T05:58:34.4527309Z [1m[92m   Compiling[0m erased-serde v0.4.10
2026-08-13T05:58:34.5334656Z [1m[92m   Compiling[0m adler32 v1.2.0
2026-08-13T05:58:34.5849841Z [1m[92m   Compiling[0m impl-more v0.1.9
2026-08-13T05:58:34.5850785Z [1m[92m   Compiling[0m thiserror v1.0.69
2026-08-13T05:58:34.6155403Z [1m[92m   Compiling[0m siphasher v1.0.3
2026-08-13T05:58:34.7180578Z [1m[92m   Compiling[0m regex-lite v0.1.9
2026-08-13T05:58:34.7353963Z [1m[92m   Compiling[0m portable-atomic v1.13.1
2026-08-13T05:58:34.9886994Z [1m[92m   Compiling[0m dary_heap v0.3.8
2026-08-13T05:58:35.2094374Z [1m[92m   Compiling[0m binout v0.3.1
2026-08-13T05:58:35.2853335Z [1m[92m   Compiling[0m ph v0.8.5
2026-08-13T05:58:35.3407860Z [1m[92m   Compiling[0m libflate v2.3.0
2026-08-13T05:58:35.8373134Z [1m[92m   Compiling[0m actix-router v0.5.4
2026-08-13T05:58:36.3492638Z [1m[92m   Compiling[0m phf_shared v0.13.1
2026-08-13T05:58:36.4899252Z [1m[92m   Compiling[0m actix-tls v3.5.0
2026-08-13T05:58:36.6174481Z [1m[92m   Compiling[0m bitvec v1.0.1
2026-08-13T05:58:36.7337146Z [1m[92m   Compiling[0m tar v0.4.46
2026-08-13T05:58:38.0865140Z [1m[92m   Compiling[0m prost-derive v0.11.9
2026-08-13T05:58:40.8889506Z [1m[92m   Compiling[0m brotli v8.0.2
2026-08-13T05:58:45.1128072Z [1m[92m   Compiling[0m derive_more v2.1.1
2026-08-13T05:58:45.1506015Z [1m[92m   Compiling[0m atomicwrites v0.4.4
2026-08-13T05:58:45.9989532Z [1m[92m   Compiling[0m h2 v0.3.27
2026-08-13T05:58:50.8350922Z [1m[92m   Compiling[0m ordered-float v5.3.0
2026-08-13T05:58:51.2053832Z [1m[92m   Compiling[0m roaring v0.11.4
2026-08-13T05:58:53.8998040Z [1m[92m   Compiling[0m local-channel v0.1.5
2026-08-13T05:58:53.9565334Z [1m[92m   Compiling[0m enumflags2 v0.7.12
2026-08-13T05:58:54.0579644Z [1m[92m   Compiling[0m rustls-platform-verifier v0.6.2
2026-08-13T05:58:54.2248733Z [1m[92m   Compiling[0m strum v0.28.0
2026-08-13T05:58:54.2786656Z [1m[92m   Compiling[0m sha1 v0.11.0
2026-08-13T05:58:54.3257039Z [1m[92m   Compiling[0m quick_cache v0.6.22
2026-08-13T05:58:54.7156889Z [1m[92m   Compiling[0m hash32 v0.3.1
2026-08-13T05:58:54.8217467Z [1m[92m   Compiling[0m thread-priority v3.0.0
2026-08-13T05:58:55.0271883Z [1m[92m   Compiling[0m polling v3.11.0
2026-08-13T05:58:55.1091148Z [1m[92m   Compiling[0m actix-codec v0.5.2
2026-08-13T05:58:55.2310548Z [1m[92m   Compiling[0m csv-core v0.1.13
2026-08-13T05:58:55.3747045Z [1m[92m   Compiling[0m thiserror-impl v1.0.69
2026-08-13T05:58:55.7584054Z [1m[92m   Compiling[0m socket2 v0.5.10
2026-08-13T05:58:56.1074166Z [1m[92m   Compiling[0m num_cpus v1.17.0
2026-08-13T05:58:56.7091292Z [1m[92m   Compiling[0m self_cell v1.2.2
2026-08-13T05:58:56.7487645Z [1m[92m   Compiling[0m arrayvec v0.4.12
2026-08-13T05:58:57.1890160Z [1m[92m   Compiling[0m crunchy v0.2.4
2026-08-13T05:58:57.3060592Z [1m[92m   Compiling[0m language-tags v0.3.2
2026-08-13T05:58:58.0204875Z [1m[92m   Compiling[0m async-task v4.7.1
2026-08-13T05:58:58.2680671Z [1m[92m   Compiling[0m unicode-width v0.2.2
2026-08-13T05:58:58.4099771Z [1m[92m   Compiling[0m endi v1.1.1
2026-08-13T05:58:58.6125449Z [1m[92m   Compiling[0m zvariant v5.10.0
2026-08-13T05:59:00.3329586Z [1m[92m   Compiling[0m console v0.16.2
2026-08-13T05:59:00.9740377Z [1m[92m   Compiling[0m actix-http v3.12.1
2026-08-13T05:59:01.6623112Z [1m[91merror[E0658][0m[1m: use of unstable library feature `cfg_select`[0m
2026-08-13T05:59:01.6623755Z    [1m[94m--> [0mlib/common/common/src/universal_io/mmap/mod.rs:166:9
2026-08-13T05:59:01.6624109Z     [1m[94m|[0m
2026-08-13T05:59:01.6624385Z [1m[94m166[0m [1m[94m|[0m         cfg_select! {
2026-08-13T05:59:01.6624702Z     [1m[94m|[0m         [1m[91m^^^^^^^^^^[0m
2026-08-13T05:59:01.6624960Z     [1m[94m|[0m
2026-08-13T05:59:01.6625455Z     [1m[94m= [0m[1mnote[0m: see issue #115585 <https://github.com/rust-lang/rust/issues/115585> for more information
2026-08-13T05:59:01.6625835Z 
2026-08-13T05:59:02.2950177Z [1m[91merror[E0658][0m[1m: use of unstable library feature `ptr_as_ref_unchecked`[0m
2026-08-13T05:59:02.2951401Z    [1m[94m--> [0mlib/common/common/src/universal_io/simple_disk_cache/local_state.rs:114:34
2026-08-13T05:59:02.2951824Z     [1m[94m|[0m
2026-08-13T05:59:02.2952179Z [1m[94m114[0m [1m[94m|[0m         unsafe { self.mmap.get().as_ref_unchecked() }
2026-08-13T05:59:02.2952620Z     [1m[94m|[0m                                  [1m[91m^^^^^^^^^^^^^^^^[0m
2026-08-13T05:59:02.2952925Z     [1m[94m|[0m
2026-08-13T05:59:02.2953412Z     [1m[94m= [0m[1mnote[0m: see issue #122034 <https://github.com/rust-lang/rust/issues/122034> for more information
2026-08-13T05:59:02.2953790Z 
2026-08-13T05:59:02.2959890Z [1m[91merror[E0658][0m[1m: use of unstable library feature `ptr_as_ref_unchecked`[0m
2026-08-13T05:59:02.2960554Z    [1m[94m--> [0mlib/common/common/src/universal_io/simple_disk_cache/local_state.rs:149:45
2026-08-13T05:59:02.2960973Z     [1m[94m|[0m
2026-08-13T05:59:02.2961347Z [1m[94m149[0m [1m[94m|[0m         let mmap = unsafe { self.mmap.get().as_mut_unchecked() };
2026-08-13T05:59:02.2961862Z     [1m[94m|[0m                                             [1m[91m^^^^^^^^^^^^^^^^[0m
2026-08-13T05:59:02.2962179Z     [1m[94m|[0m
2026-08-13T05:59:02.2962674Z     [1m[94m= [0m[1mnote[0m: see issue #122034 <https://github.com/rust-lang/rust/issues/122034> for more information
2026-08-13T05:59:02.2963060Z 
2026-08-13T05:59:02.8792878Z [1mFor more information about this error, try `rustc --explain E0658`.[0m
2026-08-13T05:59:02.8933076Z [1m[91merror[0m: could not compile `common` (lib) due to 3 previous errors
2026-08-13T05:59:02.8933783Z [1m[33mwarning[0m: build failed, waiting for other jobs to finish...
2026-08-13T05:59:08.0078280Z ##[error]Process completed with exit code 101.
2026-08-13T05:59:08.0201088Z Node 20 is being deprecated. This workflow is running with Node 24 by default. If you need to temporarily use Node 20, you can set the ACTIONS_ALLOW_USE_UNSECURE_NODE_VERSION=true environment variable. For more information see: https://github.blog/changelog/2025-09-19-deprecation-of-node-20-on-github-actions-runners/
2026-08-13T05:59:08.0202353Z Post job cleanup.
2026-08-13T05:59:08.0959030Z [command]/usr/bin/git version
2026-08-13T05:59:08.1018773Z git version 2.54.0
2026-08-13T05:59:08.1027560Z Temporarily overriding HOME='/home/runner/work/_temp/510f74f2-5812-425c-95e7-2ce3c914787b' before making global git config changes
2026-08-13T05:59:08.1028479Z Adding repository directory to the temporary git global config as a safe directory
2026-08-13T05:59:08.1033498Z [command]/usr/bin/git config --global --add safe.directory /home/runner/work/test/test/qdrant-src
2026-08-13T05:59:08.1082353Z [command]/usr/bin/git config --local --name-only --get-regexp core\.sshCommand
2026-08-13T05:59:08.1114365Z [command]/usr/bin/git submodule foreach --recursive sh -c "git config --local --name-only --get-regexp 'core\.sshCommand' && git config --local --unset-all 'core.sshCommand' || :"
2026-08-13T05:59:08.1334492Z [command]/usr/bin/git config --local --name-only --get-regexp http\.https\:\/\/github\.com\/\.extraheader
2026-08-13T05:59:08.1369364Z http.https://github.com/.extraheader
2026-08-13T05:59:08.1380032Z [command]/usr/bin/git config --local --unset-all http.https://github.com/.extraheader
2026-08-13T05:59:08.1421281Z [command]/usr/bin/git submodule foreach --recursive sh -c "git config --local --name-only --get-regexp 'http\.https\:\/\/github\.com\/\.extraheader' && git config --local --unset-all 'http.https://github.com/.extraheader' || :"
2026-08-13T05:59:08.1656024Z [command]/usr/bin/git config --local --name-only --get-regexp ^includeIf\.gitdir:
2026-08-13T05:59:08.1694041Z [command]/usr/bin/git submodule foreach --recursive git config --local --show-origin --name-only --get-regexp remote.origin.url
2026-08-13T05:59:08.2266627Z Node 20 is being deprecated. This workflow is running with Node 24 by default. If you need to temporarily use Node 20, you can set the ACTIONS_ALLOW_USE_UNSECURE_NODE_VERSION=true environment variable. For more information see: https://github.blog/changelog/2025-09-19-deprecation-of-node-20-on-github-actions-runners/
2026-08-13T05:59:08.2268528Z Post job cleanup.
2026-08-13T05:59:08.2998768Z [command]/usr/bin/git version
2026-08-13T05:59:08.3037367Z git version 2.54.0
2026-08-13T05:59:08.3076692Z Temporarily overriding HOME='/home/runner/work/_temp/2391b847-98ec-47cf-be67-3e2fd685327d' before making global git config changes
2026-08-13T05:59:08.3077405Z Adding repository directory to the temporary git global config as a safe directory
2026-08-13T05:59:08.3082083Z [command]/usr/bin/git config --global --add safe.directory /home/runner/work/test/test
2026-08-13T05:59:08.3318146Z [command]/usr/bin/git config --local --name-only --get-regexp core\.sshCommand
2026-08-13T05:59:08.3357166Z [command]/usr/bin/git submodule foreach --recursive sh -c "git config --local --name-only --get-regexp 'core\.sshCommand' && git config --local --unset-all 'core.sshCommand' || :"
2026-08-13T05:59:08.3577371Z [command]/usr/bin/git config --local --name-only --get-regexp http\.https\:\/\/github\.com\/\.extraheader
2026-08-13T05:59:08.3605754Z http.https://github.com/.extraheader
2026-08-13T05:59:08.3619386Z [command]/usr/bin/git config --local --unset-all http.https://github.com/.extraheader
2026-08-13T05:59:08.3654090Z [command]/usr/bin/git submodule foreach --recursive sh -c "git config --local --name-only --get-regexp 'http\.https\:\/\/github\.com\/\.extraheader' && git config --local --unset-all 'http.https://github.com/.extraheader' || :"
2026-08-13T05:59:08.3866052Z [command]/usr/bin/git config --local --name-only --get-regexp ^includeIf\.gitdir:
2026-08-13T05:59:08.3903411Z [command]/usr/bin/git submodule foreach --recursive git config --local --show-origin --name-only --get-regexp remote.origin.url
2026-08-13T05:59:08.4264950Z Cleaning up orphan processes
2026-08-13T05:59:08.4562795Z ##[warning]Node.js 20 is deprecated. The following actions target Node.js 20 but are being forced to run on Node.js 24: actions/checkout@v4. For more information see: https://github.blog/changelog/2025-09-19-deprecation-of-node-20-on-github-actions-runners/
